transaction_id,customer_id,category,amount,timestamp,fraud_score
31340,910,online_retail,12.91,2025-06-08 06:01:27,1.0
40112,1117,atm_withdrawal,1.86,2025-07-22 04:18:55,1.0
2052,794,atm_withdrawal,8.79,2025-01-11 08:13:41,1.0
665,71,atm_withdrawal,9.83,2025-01-04 09:38:16,1.0
27300,848,atm_withdrawal,3.02,2025-05-19 04:23:18,1.0
21166,976,atm_withdrawal,4.21,2025-04-18 01:31:46,1.0
49055,1231,atm_withdrawal,12.15,2025-09-05 08:23:21,1.0
29718,740,jewelry,8.21,2025-05-31 08:43:05,1.0
5612,1875,jewelry,9.96,2025-01-29 06:50:47,1.0
667,71,atm_withdrawal,9.02,2025-01-04 09:39:09,1.0
21771,137,atm_withdrawal,4.85,2025-04-21 01:24:36,1.0
2049,794,atm_withdrawal,1.44,2025-01-11 08:11:59,0.9999
57654,819,jewelry,11.19,2025-10-18 20:36:17,0.9999
1273,1193,atm_withdrawal,5.74,2025-01-07 11:49:50,0.9999
32367,636,atm_withdrawal,9.11,2025-06-13 10:49:37,0.9999
12253,1664,atm_withdrawal,2.04,2025-03-03 20:59:20,0.9999
57653,819,jewelry,10.48,2025-10-18 20:35:13,0.9999
33491,255,online_retail,4.6,2025-06-18 18:35:49,0.9999
41211,1893,atm_withdrawal,2.01,2025-07-27 15:09:24,0.9999
10654,359,atm_withdrawal,3.24,2025-02-24 05:33:07,0.9999
42321,176,atm_withdrawal,11.78,2025-08-02 01:59:28,0.9999
15764,311,atm_withdrawal,4.32,2025-03-21 14:43:27,0.9999
16513,1267,atm_withdrawal,5.68,2025-03-24 23:42:57,0.9999
41823,210,atm_withdrawal,2.27,2025-07-30 14:39:40,0.9999
15434,198,atm_withdrawal,7.49,2025-03-19 23:45:13,0.9999
43005,1931,atm_withdrawal,2.41,2025-08-05 15:53:30,0.9999
12560,67,atm_withdrawal,5.0,2025-03-05 06:46:20,0.9999
32326,530,atm_withdrawal,11.5,2025-06-13 06:24:22,0.9999
19889,1837,jewelry,12.9,2025-04-11 08:11:54,0.9999
40223,203,atm_withdrawal,4.4,2025-07-22 16:33:26,0.9999
32325,530,atm_withdrawal,2.08,2025-06-13 06:23:35,0.9999
11532,459,online_retail,11.08,2025-02-28 09:26:55,0.9999
47617,1719,atm_withdrawal,9.57,2025-08-29 05:02:32,0.9999
47616,1719,atm_withdrawal,1.22,2025-08-29 05:01:05,0.9999
9582,1280,atm_withdrawal,1.9,2025-02-18 16:04:50,0.9999
20049,404,atm_withdrawal,1.64,2025-04-12 04:58:51,0.9999
47280,421,online_retail,12.92,2025-08-27 14:31:31,0.9999
40244,1333,atm_withdrawal,8.41,2025-07-22 18:20:22,0.9999
9145,1623,atm_withdrawal,8.96,2025-02-16 10:42:35,0.9999
36191,851,atm_withdrawal,7.69,2025-07-02 20:53:11,0.9999
40151,1573,atm_withdrawal,8.39,2025-07-22 07:01:53,0.9999
40150,1573,atm_withdrawal,2.1,2025-07-22 07:01:27,0.9999
29720,740,jewelry,6.82,2025-05-31 08:45:05,0.9999
29383,1670,jewelry,13.2,2025-05-29 18:10:30,0.9999
20565,305,electronics,8.71,2025-04-14 22:30:49,0.9999
40243,1333,atm_withdrawal,3.42,2025-07-22 18:19:04,0.9999
36177,1206,jewelry,9.71,2025-07-02 19:31:24,0.9999
55180,759,atm_withdrawal,3.96,2025-10-06 10:14:14,0.9999
32256,51,atm_withdrawal,7.43,2025-06-12 21:17:15,0.9999
30020,1161,atm_withdrawal,8.03,2025-06-01 19:38:09,0.9999
22794,1029,atm_withdrawal,7.84,2025-04-26 07:45:10,0.9999
8197,1233,online_retail,13.66,2025-02-11 09:00:59,0.9999
8193,1233,atm_withdrawal,6.41,2025-02-11 09:00:03,0.9999
48870,1109,jewelry,12.55,2025-09-04 06:13:31,0.9999
8613,894,atm_withdrawal,1.36,2025-02-13 15:14:46,0.9999
38787,513,jewelry,12.18,2025-07-15 18:39:53,0.9999
38992,407,online_retail,9.56,2025-07-16 19:36:30,0.9999
38981,125,atm_withdrawal,1.37,2025-07-16 18:10:07,0.9999
54034,21,atm_withdrawal,8.76,2025-09-30 21:14:54,0.9999
54232,1970,atm_withdrawal,4.12,2025-10-01 21:33:34,0.9999
5281,1724,atm_withdrawal,1.83,2025-01-27 14:04:24,0.9999
25394,584,atm_withdrawal,4.75,2025-05-09 10:29:18,0.9999
25396,584,online_retail,8.77,2025-05-09 10:30:37,0.9999
25558,927,atm_withdrawal,6.55,2025-05-10 06:15:07,0.9999
37105,67,atm_withdrawal,6.75,2025-07-07 11:42:09,0.9999
37184,1358,atm_withdrawal,2.72,2025-07-07 20:47:05,0.9999
6490,885,electronics,12.43,2025-02-02 14:41:23,0.9999
26445,671,atm_withdrawal,10.32,2025-05-14 15:10:54,0.9999
38324,327,atm_withdrawal,4.93,2025-07-13 10:50:10,0.9999
38323,327,atm_withdrawal,3.01,2025-07-13 10:48:46,0.9999
37943,1420,atm_withdrawal,6.58,2025-07-11 13:47:13,0.9999
37365,343,atm_withdrawal,8.27,2025-07-08 18:40:47,0.9999
6491,885,atm_withdrawal,6.33,2025-02-02 14:42:41,0.9999
25276,900,jewelry,11.77,2025-05-08 19:33:27,0.9999
58805,1957,atm_withdrawal,8.49,2025-10-24 21:22:33,0.9999
5613,1875,electronics,10.37,2025-01-29 06:52:11,0.9999
6418,1963,jewelry,14.53,2025-02-02 07:17:58,0.9999
1013,37,atm_withdrawal,2.3,2025-01-06 03:51:24,0.9999
14027,1987,atm_withdrawal,5.58,2025-03-12 22:07:31,0.9999
45307,371,atm_withdrawal,6.66,2025-08-17 11:57:37,0.9999
12745,353,electronics,9.65,2025-03-06 07:32:12,0.9999
34074,1277,atm_withdrawal,9.2,2025-06-21 18:21:24,0.9999
200,810,electronics,7.44,2025-01-02 02:31:48,0.9998
45308,371,jewelry,14.05,2025-08-17 11:58:46,0.9998
14365,1216,atm_withdrawal,3.66,2025-03-14 14:57:12,0.9998
14367,1216,atm_withdrawal,10.64,2025-03-14 14:59:03,0.9998
45011,1695,atm_withdrawal,1.32,2025-08-16 01:11:41,0.9998
13313,320,atm_withdrawal,10.43,2025-03-09 08:35:29,0.9998
2051,794,atm_withdrawal,4.02,2025-01-11 08:12:55,0.9998
1136,1993,atm_withdrawal,9.73,2025-01-06 20:46:12,0.9998
6022,1035,electronics,11.01,2025-01-31 08:12:54,0.9998
50666,655,atm_withdrawal,8.59,2025-09-13 15:39:34,0.9998
37185,1358,online_retail,11.44,2025-07-07 20:48:16,0.9998
6430,280,atm_withdrawal,14.26,2025-02-02 07:58:13,0.9998
37671,100,online_retail,10.44,2025-07-10 06:03:06,0.9998
23800,800,electronics,6.6,2025-05-01 09:22:43,0.9998
24148,1046,atm_withdrawal,10.13,2025-05-03 00:57:41,0.9998
37670,100,jewelry,9.07,2025-07-10 06:02:20,0.9998
6120,1743,atm_withdrawal,7.77,2025-01-31 18:13:21,0.9998
37309,1048,online_retail,8.22,2025-07-08 12:54:47,0.9998
37311,1048,atm_withdrawal,6.14,2025-07-08 12:55:09,0.9998
26299,881,electronics,7.32,2025-05-13 22:19:59,0.9998
5614,1875,atm_withdrawal,8.11,2025-01-29 06:52:25,0.9998
2050,794,atm_withdrawal,4.33,2025-01-11 08:12:36,0.9998
25557,927,atm_withdrawal,4.42,2025-05-10 06:14:32,0.9998
38736,353,online_retail,12.6,2025-07-15 12:03:22,0.9998
38325,327,atm_withdrawal,5.07,2025-07-13 10:51:06,0.9998
51039,870,atm_withdrawal,4.03,2025-09-15 14:51:21,0.9998
50667,655,atm_withdrawal,5.06,2025-09-13 15:40:06,0.9998
39993,413,atm_withdrawal,7.72,2025-07-21 13:40:50,0.9998
9571,1250,atm_withdrawal,1.91,2025-02-18 15:11:29,0.9998
36081,246,atm_withdrawal,10.5,2025-07-02 09:42:16,0.9998
30021,1161,atm_withdrawal,12.38,2025-06-01 19:38:39,0.9998
29978,658,atm_withdrawal,2.18,2025-06-01 15:31:00,0.9998
47615,1719,electronics,2.38,2025-08-29 04:59:48,0.9998
47614,1719,jewelry,7.24,2025-08-29 04:59:16,0.9998
46666,1041,atm_withdrawal,2.71,2025-08-24 13:38:11,0.9998
41822,210,atm_withdrawal,9.24,2025-07-30 14:39:21,0.9998
42254,324,atm_withdrawal,10.77,2025-08-01 17:21:19,0.9998
41530,1402,online_retail,9.96,2025-07-29 02:39:03,0.9998
12255,1664,atm_withdrawal,4.05,2025-03-03 21:00:21,0.9998
197,810,online_retail,2.1,2025-01-02 02:30:17,0.9998
1275,1193,electronics,1.2,2025-01-07 11:51:28,0.9998
1276,1193,electronics,1.81,2025-01-07 11:51:53,0.9998
1244,96,electronics,7.65,2025-01-07 08:16:39,0.9998
58802,1957,atm_withdrawal,11.59,2025-10-24 21:19:58,0.9998
32370,636,electronics,9.03,2025-06-13 10:51:48,0.9998
42257,324,atm_withdrawal,11.84,2025-08-01 17:24:10,0.9998
43979,647,atm_withdrawal,10.43,2025-08-10 16:32:23,0.9998
46668,1041,atm_withdrawal,11.44,2025-08-24 13:39:57,0.9998
35242,1641,jewelry,5.15,2025-06-27 23:06:04,0.9998
35426,1036,atm_withdrawal,9.75,2025-06-28 21:20:41,0.9998
12561,67,electronics,6.75,2025-03-05 06:46:31,0.9998
45316,1476,atm_withdrawal,3.95,2025-08-17 12:19:14,0.9998
3752,1028,jewelry,2.91,2025-01-20 02:49:13,0.9998
12563,67,electronics,5.79,2025-03-05 06:47:28,0.9998
17439,757,atm_withdrawal,2.88,2025-03-29 14:15:31,0.9998
17966,1969,electronics,3.61,2025-04-01 09:31:47,0.9998
40974,220,atm_withdrawal,5.45,2025-07-26 10:40:11,0.9998
20397,1821,atm_withdrawal,7.67,2025-04-14 00:01:50,0.9998
9146,1623,atm_withdrawal,13.03,2025-02-16 10:43:39,0.9998
9300,978,electronics,7.49,2025-02-17 06:39:01,0.9998
20567,305,atm_withdrawal,1.15,2025-04-14 22:32:21,0.9998
20786,570,electronics,6.43,2025-04-16 01:08:17,0.9998
49550,174,atm_withdrawal,7.12,2025-09-07 23:30:35,0.9998
20874,465,atm_withdrawal,4.41,2025-04-16 13:37:07,0.9998
49553,174,atm_withdrawal,4.22,2025-09-07 23:32:20,0.9998
49551,174,atm_withdrawal,12.49,2025-09-07 23:31:03,0.9998
9570,1250,jewelry,3.0,2025-02-18 15:10:50,0.9998
20050,404,jewelry,4.98,2025-04-12 04:59:56,0.9998
20048,404,atm_withdrawal,10.81,2025-04-12 04:57:50,0.9998
5608,796,electronics,8.32,2025-01-29 06:32:23,0.9998
30736,1023,atm_withdrawal,11.2,2025-06-05 07:49:46,0.9998
5609,796,electronics,1.35,2025-01-29 06:33:01,0.9998
30332,364,atm_withdrawal,8.54,2025-06-03 08:34:56,0.9998
30333,364,atm_withdrawal,12.51,2025-06-03 08:36:03,0.9998
28859,830,electronics,5.49,2025-05-27 05:14:36,0.9998
8615,894,electronics,9.13,2025-02-13 15:16:28,0.9998
39273,1196,electronics,8.92,2025-07-18 04:29:58,0.9998
21768,137,atm_withdrawal,7.31,2025-04-21 01:20:39,0.9998
50018,1520,atm_withdrawal,5.98,2025-09-10 07:57:18,0.9998
13312,320,online_retail,10.71,2025-03-09 08:34:07,0.9997
34469,1466,online_retail,5.3,2025-06-23 19:12:17,0.9997
13314,320,online_retail,8.78,2025-03-09 08:35:54,0.9997
14075,134,jewelry,8.02,2025-03-13 05:05:13,0.9997
55098,1763,online_retail,1806.32,2025-10-06 01:54:49,0.9997
45310,371,online_retail,3.65,2025-08-17 12:00:08,0.9997
1135,1993,online_retail,1.04,2025-01-06 20:45:25,0.9997
22086,68,jewelry,7.02,2025-04-22 15:33:53,0.9997
22087,68,electronics,2.26,2025-04-22 15:34:57,0.9997
22320,1887,atm_withdrawal,14.1,2025-04-23 22:07:21,0.9997
48871,1109,jewelry,5.12,2025-09-04 06:14:52,0.9997
8977,639,online_retail,9.99,2025-02-15 13:24:59,0.9997
8190,1157,atm_withdrawal,7.5,2025-02-11 08:58:28,0.9997
8191,1157,electronics,5.06,2025-02-11 08:59:20,0.9997
50224,667,jewelry,5.16,2025-09-11 10:17:00,0.9997
25390,438,electronics,7.52,2025-05-09 10:00:29,0.9997
50225,667,jewelry,2.83,2025-09-11 10:18:19,0.9997
38735,353,electronics,4.0,2025-07-15 12:02:00,0.9997
22321,1887,online_retail,4.13,2025-04-23 22:08:03,0.9997
38982,125,online_retail,3.33,2025-07-16 18:10:53,0.9997
37104,67,jewelry,5.13,2025-07-07 11:41:57,0.9997
36882,1535,online_retail,7.99,2025-07-06 08:19:00,0.9997
36621,382,electronics,3.56,2025-07-05 01:55:27,0.9997
51040,870,jewelry,1.89,2025-09-15 14:52:31,0.9997
5280,1724,online_retail,1.7,2025-01-27 14:03:55,0.9997
51038,870,jewelry,7.9,2025-09-15 14:50:56,0.9997
28309,1389,online_retail,3.73,2025-05-24 11:11:51,0.9997
28712,1305,online_retail,2.53,2025-05-26 12:18:18,0.9997
28298,1847,online_retail,4.93,2025-05-24 09:52:20,0.9997
6021,1035,atm_withdrawal,3.36,2025-01-31 08:11:45,0.9997
54032,21,atm_withdrawal,14.37,2025-09-30 21:14:11,0.9997
6431,280,jewelry,1.05,2025-02-02 07:59:32,0.9997
6432,280,jewelry,11.69,2025-02-02 07:59:59,0.9997
6433,280,electronics,12.91,2025-02-02 08:00:18,0.9997
6968,759,jewelry,4.37,2025-02-04 22:34:58,0.9997
37735,493,atm_withdrawal,5.02,2025-07-10 12:59:00,0.9997
26447,671,jewelry,11.85,2025-05-14 15:11:36,0.9997
26446,671,jewelry,2.07,2025-05-14 15:11:08,0.9997
51655,1302,online_retail,4.09,2025-09-18 20:59:02,0.9997
52834,879,online_retail,2.94,2025-09-24 22:39:26,0.9997
52788,810,online_retail,10.49,2025-09-24 17:56:19,0.9997
26300,881,online_retail,2.97,2025-05-13 22:20:12,0.9997
26298,881,electronics,7.63,2025-05-13 22:19:02,0.9997
26444,671,jewelry,13.04,2025-05-14 15:09:49,0.9997
27159,521,jewelry,6.25,2025-05-18 09:56:23,0.9997
52239,1192,online_retail,2.71,2025-09-21 20:17:34,0.9997
6118,1743,online_retail,13.11,2025-01-31 18:12:15,0.9997
37788,1697,jewelry,9.88,2025-07-10 19:46:26,0.9997
37737,493,online_retail,7.73,2025-07-10 12:59:53,0.9997
6117,1743,jewelry,9.09,2025-01-31 18:11:25,0.9997
26242,1029,online_retail,9.57,2025-05-13 15:21:13,0.9997
27060,967,online_retail,7.33,2025-05-17 22:11:32,0.9997
1014,37,electronics,2.05,2025-01-06 03:52:05,0.9997
2142,1318,jewelry,1.52,2025-01-11 18:08:20,0.9997
2141,1318,online_retail,8.71,2025-01-11 18:07:35,0.9997
45315,1476,online_retail,2.38,2025-08-17 12:17:55,0.9997
58300,1208,electronics,4.93,2025-10-22 06:55:45,0.9997
34468,1466,atm_withdrawal,9.57,2025-06-23 19:11:30,0.9997
57656,819,online_retail,6.96,2025-10-18 20:37:34,0.9997
9302,978,electronics,2.73,2025-02-17 06:40:25,0.9997
9303,978,jewelry,2.45,2025-02-17 06:40:36,0.9997
39904,116,online_retail,3.14,2025-07-21 03:29:18,0.9997
3754,1028,online_retail,13.21,2025-01-20 02:50:51,0.9997
31068,1315,online_retail,10.41,2025-06-06 21:01:17,0.9997
54365,1827,jewelry,9.06,2025-10-02 10:25:02,0.9997
36188,851,online_retail,13.34,2025-07-02 20:51:42,0.9997
36190,851,atm_withdrawal,14.15,2025-07-02 20:52:40,0.9997
52591,914,online_retail,8.68,2025-09-23 18:39:29,0.9997
21204,1935,online_retail,6.51,2025-04-18 05:34:09,0.9997
39905,116,electronics,5.66,2025-07-21 03:30:37,0.9997
20788,570,online_retail,9.06,2025-04-16 01:10:36,0.9997
31069,1315,electronics,6.76,2025-06-06 21:01:59,0.9997
47686,284,online_retail,4.0,2025-08-29 13:14:30,0.9997
29980,658,online_retail,12.49,2025-06-01 15:33:00,0.9997
29977,658,electronics,12.14,2025-06-01 15:30:50,0.9997
55181,759,jewelry,6.95,2025-10-06 10:15:04,0.9997
52836,879,jewelry,8.51,2025-09-24 22:41:23,0.9997
36187,851,electronics,8.19,2025-07-02 20:50:40,0.9997
36083,246,online_retail,10.66,2025-07-02 09:44:04,0.9997
10494,1600,online_retail,9.13,2025-02-23 12:15:38,0.9997
32210,1453,jewelry,11.99,2025-06-12 16:07:07,0.9997
40222,203,online_retail,7.93,2025-07-22 16:32:42,0.9997
48534,1563,online_retail,1.29,2025-09-02 16:24:49,0.9997
20875,465,online_retail,13.58,2025-04-16 13:37:25,0.9997
10622,1480,jewelry,12.34,2025-02-24 02:07:44,0.9997
19872,1113,jewelry,9.38,2025-04-11 06:24:03,0.9997
19871,1113,jewelry,3.71,2025-04-11 06:22:57,0.9997
40110,1117,online_retail,9.54,2025-07-22 04:17:56,0.9997
20876,465,electronics,12.54,2025-04-16 13:38:06,0.9997
39994,413,online_retail,5.38,2025-07-21 13:42:15,0.9997
48860,1385,atm_withdrawal,6.94,2025-09-04 05:08:21,0.9997
39271,1196,electronics,8.18,2025-07-18 04:28:59,0.9997
49552,174,online_retail,1.8,2025-09-07 23:31:39,0.9997
20581,319,online_retail,8.73,2025-04-14 23:38:56,0.9997
42322,176,jewelry,11.89,2025-08-02 02:00:23,0.9997
16077,1482,online_retail,9.96,2025-03-22 22:13:17,0.9997
40935,909,jewelry,8.36,2025-07-26 06:31:34,0.9997
40617,1115,electronics,11.43,2025-07-24 12:09:05,0.9997
40934,909,online_retail,10.79,2025-07-26 06:31:11,0.9997
40973,220,jewelry,3.26,2025-07-26 10:39:34,0.9997
47106,1794,jewelry,5.45,2025-08-26 19:52:34,0.9997
40976,220,online_retail,6.77,2025-07-26 10:42:26,0.9997
46879,1287,online_retail,3.65,2025-08-25 15:41:00,0.9997
15570,1803,jewelry,10.68,2025-03-20 17:09:35,0.9997
15572,1803,jewelry,4.72,2025-03-20 17:11:20,0.9997
43692,558,jewelry,8.32,2025-08-09 05:17:30,0.9997
14556,1746,online_retail,10.6,2025-03-15 10:03:05,0.9997
43976,647,jewelry,9.93,2025-08-10 16:31:09,0.9997
43977,647,online_retail,2.61,2025-08-10 16:31:45,0.9997
47107,1794,online_retail,10.19,2025-08-26 19:53:35,0.9997
41531,1402,online_retail,1.99,2025-07-29 02:39:19,0.9997
15793,684,atm_withdrawal,7.86,2025-03-21 16:33:26,0.9997
42255,324,electronics,1.8,2025-08-01 17:22:20,0.9997
15763,311,jewelry,4.4,2025-03-21 14:43:08,0.9997
16515,1267,jewelry,2.9,2025-03-24 23:44:15,0.9997
10723,18,online_retail,1.76,2025-02-24 13:04:52,0.9997
10656,359,online_retail,2.96,2025-02-24 05:34:17,0.9997
12562,67,jewelry,11.83,2025-03-05 06:47:04,0.9997
43004,1931,jewelry,2.69,2025-08-05 15:53:03,0.9997
10725,18,online_retail,2.4,2025-02-24 13:05:55,0.9997
34967,810,online_retail,7.83,2025-06-26 10:37:26,0.9997
35170,213,electronics,7.91,2025-06-27 15:20:12,0.9997
31339,910,online_retail,10.21,2025-06-08 06:00:46,0.9997
54822,1557,electronics,9.94,2025-10-04 18:03:22,0.9997
35584,1215,jewelry,2.75,2025-06-29 17:23:13,0.9997
15435,198,online_retail,2.7,2025-03-19 23:46:14,0.9997
3753,1028,jewelry,5.35,2025-01-20 02:49:52,0.9997
1245,96,jewelry,7.88,2025-01-07 08:16:56,0.9997
57280,501,jewelry,7.09,2025-10-16 23:10:38,0.9997
12256,1664,jewelry,3.02,2025-03-03 21:01:29,0.9997
1138,1993,online_retail,5.06,2025-01-06 20:47:23,0.9997
1564,992,jewelry,7.49,2025-01-08 21:19:08,0.9997
58301,1208,jewelry,11.4,2025-10-22 06:57:00,0.9997
32086,813,online_retail,3155.12,2025-06-12 03:01:04,0.9997
1563,992,atm_withdrawal,11.2,2025-01-08 21:18:53,0.9997
58091,1467,online_retail,922.76,2025-10-21 02:48:54,0.9996
666,71,jewelry,4.41,2025-01-04 09:38:35,0.9996
6969,759,online_retail,10.32,2025-02-04 22:36:13,0.9996
37603,694,electronics,1.41,2025-07-09 22:44:34,0.9996
37367,343,jewelry,12.16,2025-07-08 18:41:27,0.9996
26057,1283,jewelry,8.67,2025-05-12 18:36:56,0.9996
43982,647,online_retail,4.72,2025-08-10 16:33:48,0.9996
12413,1390,electronics,1.1,2025-03-04 15:20:11,0.9996
12411,1390,jewelry,5.5,2025-03-04 15:17:42,0.9996
12336,82,online_retail,1.78,2025-03-04 06:09:08,0.9996
32209,1453,jewelry,8.31,2025-06-12 16:06:57,0.9996
32208,1453,electronics,8.19,2025-06-12 16:05:29,0.9996
38786,513,jewelry,13.17,2025-07-15 18:38:36,0.9996
50226,667,electronics,2.41,2025-09-11 10:18:33,0.9996
8198,1233,jewelry,5.73,2025-02-11 09:01:12,0.9996
27059,967,online_retail,12.66,2025-05-17 22:10:34,0.9996
52447,1208,atm_withdrawal,5.49,2025-09-23 00:00:54,0.9996
22176,1604,online_retail,1788.21,2025-04-23 03:01:06,0.9996
21202,1935,electronics,4.86,2025-04-18 05:32:41,0.9996
39660,1216,atm_withdrawal,2.79,2025-07-20 03:11:04,0.9996
31338,910,online_retail,3.99,2025-06-08 06:00:01,0.9996
35128,617,jewelry,3.52,2025-06-27 10:07:35,0.9996
34964,810,jewelry,11.72,2025-06-26 10:35:20,0.9996
43964,142,online_retail,1.32,2025-08-10 14:31:50,0.9996
14855,1239,electronics,8.25,2025-03-16 22:31:35,0.9996
43962,142,electronics,5.16,2025-08-10 14:31:22,0.9996
37304,1809,electronics,3.79,2025-07-08 12:35:52,0.9996
37183,1358,jewelry,2.05,2025-07-07 20:46:10,0.9996
28300,1847,online_retail,3.76,2025-05-24 09:53:42,0.9996
28713,1305,jewelry,3.48,2025-05-26 12:18:27,0.9996
48533,1563,electronics,3.18,2025-09-02 16:24:06,0.9996
20051,404,electronics,8.78,2025-04-12 05:01:00,0.9996
10028,1321,online_retail,8.14,2025-02-20 23:51:03,0.9996
36620,382,electronics,4.77,2025-07-05 01:55:03,0.9996
5977,1995,online_retail,994.21,2025-01-31 03:02:40,0.9996
5607,796,online_retail,14.38,2025-01-29 06:31:05,0.9996
19870,1113,jewelry,5.19,2025-04-11 06:22:48,0.9996
19833,1352,electronics,4.92,2025-04-11 01:34:16,0.9996
35893,1880,online_retail,5.96,2025-07-01 14:27:19,0.9996
15568,1803,online_retail,4.37,2025-03-20 17:09:04,0.9996
11852,389,online_retail,7.65,2025-03-01 23:22:43,0.9996
10506,1608,jewelry,5.56,2025-02-23 13:35:01,0.9996
29719,740,electronics,2.42,2025-05-31 08:44:16,0.9996
28860,830,online_retail,14.41,2025-05-27 05:15:00,0.9996
18296,1128,online_retail,12.69,2025-04-03 03:07:37,0.9996
10621,1480,electronics,11.75,2025-02-24 02:07:13,0.9996
41403,1142,jewelry,3.2,2025-07-28 12:48:19,0.9996
41210,1893,jewelry,10.28,2025-07-27 15:08:34,0.9996
30019,1161,online_retail,6.65,2025-06-01 19:37:57,0.9996
29979,658,electronics,9.22,2025-06-01 15:31:49,0.9996
47108,1794,jewelry,10.44,2025-08-26 19:54:59,0.9996
11535,459,online_retail,5.37,2025-02-28 09:28:15,0.9996
11851,389,jewelry,13.25,2025-03-01 23:21:24,0.9996
15794,684,electronics,12.79,2025-03-21 16:33:38,0.9996
15762,311,electronics,6.41,2025-03-21 14:42:27,0.9996
35919,892,online_retail,5.2,2025-07-01 17:49:04,0.9996
45051,872,jewelry,11.16,2025-08-16 05:10:59,0.9996
44903,1138,electronics,12.52,2025-08-15 12:11:12,0.9996
56418,1708,electronics,13.76,2025-10-12 18:07:03,0.9996
32368,636,electronics,1.69,2025-06-13 10:50:36,0.9996
58716,756,atm_withdrawal,13.98,2025-10-24 12:51:27,0.9996
50401,385,jewelry,6.08,2025-09-12 07:25:14,0.9996
37921,909,electronics,3.84,2025-07-11 11:18:43,0.9996
55853,1925,online_retail,2328.96,2025-10-10 01:48:16,0.9996
58803,1957,electronics,8.61,2025-10-24 21:21:23,0.9996
1274,1193,online_retail,13.46,2025-01-07 11:50:57,0.9996
46321,207,online_retail,14.23,2025-08-22 18:53:17,0.9995
7772,1478,jewelry,9.17,2025-02-09 06:31:50,0.9995
56166,909,electronics,9.75,2025-10-11 13:58:05,0.9995
58717,756,jewelry,11.06,2025-10-24 12:52:17,0.9995
34075,1277,electronics,2.31,2025-06-21 18:22:33,0.9995
42256,324,electronics,7.83,2025-08-01 17:23:36,0.9995
47327,893,electronics,1.56,2025-08-27 19:16:44,0.9995
10583,1049,atm_withdrawal,5.51,2025-02-23 22:37:11,0.9995
4446,405,jewelry,13.27,2025-01-23 12:32:44,0.9995
4369,142,online_retail,814.03,2025-01-23 03:20:03,0.9995
45983,1920,online_retail,1038.81,2025-08-21 00:02:34,0.9995
17045,1235,online_retail,8.77,2025-03-27 15:43:24,0.9995
12746,353,jewelry,5.93,2025-03-06 07:32:51,0.9995
41212,1893,electronics,4.01,2025-07-27 15:10:14,0.9995
41402,1142,jewelry,4.16,2025-07-28 12:47:33,0.9995
31067,1315,atm_withdrawal,6.74,2025-06-06 21:00:35,0.9995
14366,1216,electronics,7.01,2025-03-14 14:58:00,0.9995
12410,1390,jewelry,6.58,2025-03-04 15:16:28,0.9995
44433,1625,online_retail,2810.06,2025-08-13 03:21:13,0.9995
35585,1215,electronics,11.94,2025-06-29 17:23:22,0.9995
34965,810,online_retail,8.69,2025-06-26 10:36:12,0.9995
47685,284,online_retail,8.34,2025-08-29 13:13:27,0.9995
20785,570,atm_withdrawal,9.46,2025-04-16 01:07:15,0.9995
47684,284,online_retail,13.7,2025-08-29 13:13:16,0.9995
9573,1250,atm_withdrawal,3.72,2025-02-18 15:12:07,0.9995
45565,1451,atm_withdrawal,13.95,2025-08-18 22:13:19,0.9995
14557,1746,electronics,6.28,2025-03-15 10:04:33,0.9995
6119,1743,electronics,4.18,2025-01-31 18:12:57,0.9995
43638,1801,electronics,7.71,2025-08-08 22:03:23,0.9995
6416,1963,online_retail,8.0,2025-02-02 07:17:11,0.9995
52649,402,online_retail,1714.8,2025-09-24 01:13:45,0.9995
5606,796,atm_withdrawal,14.04,2025-01-29 06:30:37,0.9995
54990,1529,jewelry,10.93,2025-10-05 12:40:48,0.9995
15571,1803,electronics,10.29,2025-03-20 17:11:03,0.9995
199,810,atm_withdrawal,3.91,2025-01-02 02:31:16,0.9995
32327,530,jewelry,6.79,2025-06-13 06:25:49,0.9995
37922,909,electronics,8.02,2025-07-11 11:19:43,0.9995
21769,137,online_retail,1.51,2025-04-21 01:22:03,0.9995
39558,427,electronics,5.46,2025-07-19 15:39:25,0.9995
8976,639,electronics,12.28,2025-02-15 13:23:55,0.9995
39560,427,electronics,11.36,2025-07-19 15:41:31,0.9995
27301,848,jewelry,7.69,2025-05-19 04:24:44,0.9995
23132,408,online_retail,2835.77,2025-04-28 03:08:15,0.9995
37673,100,electronics,3.78,2025-07-10 06:05:25,0.9995
6966,759,electronics,2.4,2025-02-04 22:34:10,0.9995
8154,1375,electronics,6.66,2025-02-11 05:06:00,0.9995
8189,1157,electronics,6.94,2025-02-11 08:57:02,0.9995
8195,1233,electronics,8.3,2025-02-11 09:00:18,0.9995
15320,1812,atm_withdrawal,12.52,2025-03-19 08:24:10,0.9995
55007,855,electronics,8.48,2025-10-05 15:13:47,0.9995
54895,1217,atm_withdrawal,2.76,2025-10-05 01:35:21,0.9995
57281,501,electronics,8.16,2025-10-16 23:11:16,0.9994
46880,1287,electronics,3.64,2025-08-25 15:42:04,0.9994
30711,435,electronics,4.58,2025-06-05 04:47:34,0.9994
42904,1954,jewelry,6.17,2025-08-05 04:26:37,0.9994
36080,246,electronics,7.98,2025-07-02 09:42:06,0.9994
40618,1115,electronics,13.3,2025-07-24 12:09:31,0.9994
52494,1702,jewelry,11.24,2025-09-23 04:55:50,0.9994
10504,1608,electronics,5.76,2025-02-23 13:33:59,0.9994
17440,757,electronics,7.37,2025-03-29 14:16:50,0.9994
36176,1206,electronics,9.37,2025-07-02 19:31:04,0.9994
45229,1151,jewelry,1.86,2025-08-17 02:57:10,0.9994
45231,1151,jewelry,1.27,2025-08-17 02:58:00,0.9994
41824,210,electronics,11.33,2025-07-30 14:40:03,0.9994
42905,1954,jewelry,6.53,2025-08-05 04:27:48,0.9994
45232,1151,electronics,6.41,2025-08-17 02:59:19,0.9994
30061,119,atm_withdrawal,4.27,2025-06-02 01:05:18,0.9994
1137,1993,electronics,11.05,2025-01-06 20:46:58,0.9994
57278,501,electronics,2.74,2025-10-16 23:09:23,0.9994
48828,1441,online_retail,729.74,2025-09-04 01:59:30,0.9994
52789,810,electronics,10.33,2025-09-24 17:56:39,0.9994
2994,138,online_retail,7.78,2025-01-16 01:14:13,0.9994
9077,1848,online_retail,1883.49,2025-02-16 03:38:04,0.9994
52141,1831,online_retail,8.51,2025-09-21 07:39:27,0.9994
8196,1157,electronics,11.45,2025-02-11 09:00:47,0.9994
21167,976,online_retail,2.31,2025-04-18 01:33:10,0.9994
20877,465,electronics,8.42,2025-04-16 13:39:18,0.9994
9306,227,online_retail,10.32,2025-02-17 07:01:58,0.9994
39559,427,online_retail,14.22,2025-07-19 15:40:49,0.9994
27299,848,jewelry,14.36,2025-05-19 04:22:08,0.9994
552,1926,online_retail,2.54,2025-01-03 19:38:37,0.9994
26059,1283,electronics,8.56,2025-05-12 18:38:07,0.9994
50017,1520,electronics,8.63,2025-09-10 07:56:02,0.9994
49318,947,electronics,5.06,2025-09-06 17:04:35,0.9994
21203,1935,electronics,9.74,2025-04-18 05:33:10,0.9994
31337,910,electronics,14.74,2025-06-08 05:58:57,0.9994
14854,1239,online_retail,11.0,2025-03-16 22:30:15,0.9994
54988,1529,electronics,7.99,2025-10-05 12:39:00,0.9994
48859,1385,electronics,8.55,2025-09-04 05:07:39,0.9994
37308,1048,electronics,11.32,2025-07-08 12:53:28,0.9994
20400,1821,electronics,14.15,2025-04-14 00:03:17,0.9994
48532,1563,electronics,9.0,2025-09-02 16:23:43,0.9994
19602,1788,electronics,3.66,2025-04-09 22:56:01,0.9994
9171,239,jewelry,9.77,2025-02-16 13:33:33,0.9994
4447,405,jewelry,7.64,2025-01-23 12:33:45,0.9993
39661,1216,atm_withdrawal,6.56,2025-07-20 03:12:30,0.9993
21168,976,online_retail,13.5,2025-04-18 01:33:42,0.9993
10579,770,electronics,10.43,2025-02-23 22:28:48,0.9993
30617,1364,electronics,6.58,2025-06-04 18:40:20,0.9993
10655,359,atm_withdrawal,14.35,2025-02-24 05:33:27,0.9993
17046,1235,electronics,8.6,2025-03-27 15:43:42,0.9993
57279,501,electronics,1.66,2025-10-16 23:09:39,0.9993
47683,284,online_retail,14.47,2025-08-29 13:11:48,0.9993
36560,1204,electronics,8.92,2025-07-04 20:02:20,0.9993
47282,421,electronics,7.41,2025-08-27 14:32:24,0.9993
52493,1702,online_retail,5.62,2025-09-23 04:54:29,0.9992
37790,1697,electronics,7.27,2025-07-10 19:47:23,0.9992
37791,1697,electronics,8.91,2025-07-10 19:47:56,0.9992
39662,1216,jewelry,10.61,2025-07-20 03:13:56,0.9992
20071,814,atm_withdrawal,12.76,2025-04-12 07:14:56,0.9992
48020,442,atm_withdrawal,13.61,2025-08-31 03:54:53,0.9992
14853,1239,online_retail,6.08,2025-03-16 22:28:51,0.9992
11853,389,electronics,14.24,2025-03-01 23:23:51,0.9992
19831,1352,electronics,8.27,2025-04-11 01:32:59,0.9992
6435,306,online_retail,5.2,2025-02-02 08:05:56,0.9992
23799,800,jewelry,12.15,2025-05-01 09:21:52,0.9992
38242,124,electronics,7.58,2025-07-13 02:11:14,0.9992
20069,814,jewelry,12.59,2025-04-12 07:12:53,0.9992
36619,382,online_retail,7.88,2025-07-05 01:53:43,0.9992
54989,1529,electronics,3.96,2025-10-05 12:39:38,0.9992
28483,1634,jewelry,12.74,2025-05-25 08:48:28,0.9992
2212,473,online_retail,3707.39,2025-01-12 03:30:56,0.9992
21770,137,online_retail,7.38,2025-04-21 01:23:16,0.9992
38832,198,online_retail,1196.42,2025-07-16 00:49:34,0.9992
22793,1029,electronics,13.71,2025-04-26 07:44:30,0.9992
36110,330,atm_withdrawal,5.57,2025-07-02 12:05:53,0.9992
10724,18,online_retail,14.27,2025-02-24 13:04:59,0.9992
11059,680,online_retail,4448.44,2025-02-26 03:49:57,0.9992
16078,1482,electronics,3.63,2025-03-22 22:14:35,0.9992
46878,1287,electronics,11.97,2025-08-25 15:39:50,0.9991
41949,1721,online_retail,1774.51,2025-07-31 04:31:07,0.9991
30710,435,atm_withdrawal,9.88,2025-06-05 04:46:17,0.9991
10586,1049,electronics,2.07,2025-02-23 22:39:33,0.9991
25135,1765,online_retail,2081.74,2025-05-08 01:19:37,0.9991
14092,869,jewelry,13.98,2025-03-13 06:47:41,0.9991
8153,1375,online_retail,7.58,2025-02-11 05:05:52,0.9991
5175,1128,online_retail,3255.98,2025-01-27 02:37:13,0.9991
19832,1352,online_retail,13.9,2025-04-11 01:33:19,0.9991
54821,1557,online_retail,3.76,2025-10-04 18:02:45,0.9991
52835,879,electronics,4.33,2025-09-24 22:39:57,0.9991
20787,570,online_retail,13.84,2025-04-16 01:09:20,0.9991
38830,1402,electronics,13.79,2025-07-16 00:35:46,0.9991
38980,125,atm_withdrawal,8.79,2025-07-16 18:09:06,0.9991
9301,978,online_retail,13.87,2025-02-17 06:40:14,0.9991
6019,1035,jewelry,6.71,2025-01-31 08:10:36,0.9991
14048,1299,online_retail,815.45,2025-03-13 01:19:59,0.9991
32207,1453,electronics,6.41,2025-06-12 16:04:50,0.9991
45564,1451,atm_withdrawal,3.03,2025-08-18 22:13:08,0.9991
35129,617,jewelry,13.3,2025-06-27 10:08:21,0.9991
29170,1027,jewelry,14.4,2025-05-28 18:49:41,0.9991
56910,533,online_retail,1074.51,2025-10-15 04:30:12,0.999
10505,1608,online_retail,2.43,2025-02-23 13:34:10,0.999
13648,1651,online_retail,1325.2,2025-03-11 02:18:23,0.999
27838,1931,online_retail,4039.01,2025-05-22 03:37:31,0.999
54689,396,online_retail,773.39,2025-10-04 03:45:41,0.999
44612,113,online_retail,913.76,2025-08-14 00:21:06,0.999
52833,879,atm_withdrawal,13.95,2025-09-24 22:38:45,0.999
4372,344,online_retail,2384.23,2025-01-23 03:34:45,0.999
29721,740,electronics,6.62,2025-05-31 08:45:17,0.999
40975,220,online_retail,14.1,2025-07-26 10:41:30,0.999
17702,1642,online_retail,3060.55,2025-03-31 01:28:30,0.999
2992,138,online_retail,8.54,2025-01-16 01:12:29,0.9989
33546,1377,online_retail,1711.81,2025-06-19 01:59:50,0.9989
55819,626,jewelry,2.84,2025-10-09 23:14:54,0.9989
2995,138,online_retail,12.35,2025-01-16 01:14:49,0.9989
57655,819,online_retail,12.12,2025-10-18 20:37:09,0.9989
12335,82,jewelry,1.18,2025-03-04 06:09:00,0.9989
21388,171,online_retail,1948.38,2025-04-19 03:09:08,0.9989
45810,1108,online_retail,2160.1,2025-08-20 03:25:34,0.9989
16080,1482,electronics,13.09,2025-03-22 22:16:03,0.9989
40520,394,online_retail,2278.57,2025-07-24 02:21:42,0.9989
41404,1142,atm_withdrawal,6.33,2025-07-28 12:49:47,0.9989
7530,430,online_retail,1909.05,2025-02-08 02:35:03,0.9989
20063,1197,jewelry,11.85,2025-04-12 06:48:10,0.9989
28310,1389,electronics,4.57,2025-05-24 11:12:01,0.9989
27158,521,electronics,11.62,2025-05-18 09:55:10,0.9989
52476,483,online_retail,744.52,2025-09-23 03:36:43,0.9989
20984,1450,online_retail,1090.26,2025-04-17 02:53:56,0.9989
25772,274,online_retail,2447.29,2025-05-11 04:39:32,0.9989
50400,385,online_retail,3.02,2025-09-12 07:25:06,0.9988
47105,1794,electronics,13.6,2025-08-26 19:51:42,0.9988
30616,1364,jewelry,14.34,2025-06-04 18:39:57,0.9988
55817,626,jewelry,2.3,2025-10-09 23:13:32,0.9988
27496,1300,online_retail,8.16,2025-05-20 04:41:10,0.9988
15321,1812,electronics,5.03,2025-03-19 08:24:26,0.9988
19622,1139,online_retail,1834.94,2025-04-10 00:52:54,0.9988
12254,1664,jewelry,11.81,2025-03-03 20:59:57,0.9988
15285,174,online_retail,1184.17,2025-03-19 03:41:06,0.9988
20070,814,online_retail,11.17,2025-04-12 07:13:49,0.9988
27494,1300,online_retail,8.9,2025-05-20 04:39:38,0.9988
20398,1821,atm_withdrawal,13.45,2025-04-14 00:01:59,0.9988
8504,1981,online_retail,926.75,2025-02-13 01:26:02,0.9988
8614,894,online_retail,2.16,2025-02-13 15:15:10,0.9988
37310,1048,atm_withdrawal,13.58,2025-07-08 12:54:55,0.9988
8719,179,online_retail,682.62,2025-02-14 03:04:07,0.9988
23519,1817,online_retail,3776.22,2025-04-30 01:00:36,0.9988
551,1926,electronics,10.09,2025-01-03 19:38:30,0.9988
870,460,electronics,3.91,2025-01-05 07:37:37,0.9987
13471,83,atm_withdrawal,2454.12,2025-03-10 03:04:31,0.9987
1826,241,online_retail,5990.06,2025-01-10 03:43:47,0.9987
32938,1211,online_retail,3100.58,2025-06-16 04:57:56,0.9987
51692,1423,online_retail,1241.0,2025-09-19 01:11:34,0.9987
51815,1977,atm_withdrawal,11.18,2025-09-19 14:34:04,0.9987
6982,399,atm_withdrawal,3369.83,2025-02-05 01:09:20,0.9987
49956,680,atm_withdrawal,2761.57,2025-09-10 01:42:18,0.9987
44046,1622,online_retail,5051.35,2025-08-11 00:58:11,0.9987
14369,1216,electronics,14.16,2025-03-14 15:00:31,0.9987
16514,1267,electronics,6.52,2025-03-24 23:43:38,0.9987
55089,133,online_retail,855.42,2025-10-06 00:43:12,0.9987
58804,1957,online_retail,1.54,2025-10-24 21:21:50,0.9987
34727,709,atm_withdrawal,1621.08,2025-06-25 03:44:11,0.9987
34714,1058,jewelry,1286.21,2025-06-25 02:33:21,0.9987
12310,1135,online_retail,569.98,2025-03-04 03:25:11,0.9987
10184,1195,atm_withdrawal,3.6,2025-02-21 18:06:32,0.9987
37305,1809,electronics,13.08,2025-07-08 12:36:28,0.9987
33971,144,jewelry,3521.15,2025-06-21 01:58:37,0.9987
2993,138,online_retail,14.12,2025-01-16 01:12:52,0.9987
37225,1416,jewelry,1887.15,2025-07-08 03:08:45,0.9987
21777,473,online_retail,1902.49,2025-04-21 02:22:50,0.9986
20566,305,electronics,11.28,2025-04-14 22:30:56,0.9986
2819,1681,jewelry,1322.38,2025-01-15 03:46:41,0.9986
8501,1663,online_retail,1570.88,2025-02-13 00:33:45,0.9986
52142,1831,online_retail,11.2,2025-09-21 07:39:43,0.9986
11536,459,electronics,1.03,2025-02-28 09:28:36,0.9986
12306,398,atm_withdrawal,1558.98,2025-03-04 02:56:01,0.9986
52449,1208,jewelry,7.31,2025-09-23 00:02:48,0.9986
28312,1389,jewelry,14.55,2025-05-24 11:13:14,0.9986
29479,1892,online_retail,664.73,2025-05-30 04:50:26,0.9986
18666,1922,jewelry,3516.53,2025-04-05 00:02:29,0.9986
42310,1852,jewelry,839.19,2025-08-02 00:26:23,0.9986
11261,1921,jewelry,768.83,2025-02-27 03:56:03,0.9986
44810,1411,atm_withdrawal,819.5,2025-08-15 00:15:01,0.9986
41077,1508,jewelry,1815.05,2025-07-27 00:27:04,0.9986
51653,1302,online_retail,9.1,2025-09-18 20:58:09,0.9986
2204,1449,online_retail,6.39,2025-01-12 02:32:58,0.9985
8113,765,atm_withdrawal,1570.44,2025-02-11 00:37:01,0.9985
6437,306,electronics,11.0,2025-02-02 08:07:54,0.9985
37181,1358,online_retail,14.69,2025-07-07 20:45:06,0.9985
49753,912,jewelry,3.31,2025-09-09 00:53:51,0.9985
52448,1208,jewelry,14.08,2025-09-23 00:01:30,0.9985
40111,1117,online_retail,5.27,2025-07-22 04:18:23,0.9985
14488,1907,atm_withdrawal,916.09,2025-03-15 02:41:17,0.9985
14856,1239,electronics,8.89,2025-03-16 22:32:43,0.9985
9666,1380,jewelry,1745.62,2025-02-19 01:35:26,0.9985
27495,1300,electronics,6.39,2025-05-20 04:40:06,0.9985
23549,712,jewelry,911.62,2025-04-30 04:10:04,0.9985
48019,442,online_retail,7.93,2025-08-31 03:54:03,0.9985
9581,1280,online_retail,8.46,2025-02-18 16:03:25,0.9985
35917,892,electronics,7.69,2025-07-01 17:47:21,0.9984
36178,1206,atm_withdrawal,14.52,2025-07-02 19:31:44,0.9984
31683,933,atm_withdrawal,884.58,2025-06-10 02:02:37,0.9984
31685,1244,jewelry,949.88,2025-06-10 02:34:31,0.9984
54896,1217,online_retail,1.84,2025-10-05 01:35:59,0.9984
10585,1049,jewelry,10.58,2025-02-23 22:38:19,0.9984
38241,124,electronics,11.63,2025-07-13 02:10:49,0.9984
26319,548,atm_withdrawal,1756.02,2025-05-14 00:19:02,0.9984
37826,195,online_retail,1603.77,2025-07-11 00:05:12,0.9984
12412,1390,online_retail,13.78,2025-03-04 15:18:55,0.9984
43287,110,jewelry,836.83,2025-08-07 01:37:47,0.9984
4336,614,online_retail,773.08,2025-01-23 00:20:32,0.9984
56421,1708,online_retail,3.17,2025-10-12 18:08:51,0.9984
13665,1573,atm_withdrawal,1814.66,2025-03-11 04:08:24,0.9984
17967,1969,atm_withdrawal,9.68,2025-04-01 09:32:15,0.9984
37672,100,atm_withdrawal,13.71,2025-07-10 06:04:06,0.9983
35586,1215,atm_withdrawal,10.77,2025-06-29 17:24:51,0.9983
7939,76,atm_withdrawal,935.84,2025-02-10 01:59:05,0.9983
32804,1372,online_retail,8.04,2025-06-15 13:15:14,0.9983
38053,1408,online_retail,1679.05,2025-07-12 02:44:56,0.9983
6419,1963,electronics,12.08,2025-02-02 07:18:53,0.9983
43500,37,atm_withdrawal,1026.6,2025-08-08 03:28:34,0.9983
10640,447,atm_withdrawal,4184.32,2025-02-24 03:38:11,0.9983
42683,1043,online_retail,1390.34,2025-08-04 00:29:15,0.9983
57514,568,atm_withdrawal,2166.92,2025-10-18 03:11:11,0.9983
3384,184,jewelry,1737.51,2025-01-18 04:08:50,0.9983
34471,1466,electronics,14.4,2025-06-23 19:13:44,0.9983
20961,1427,jewelry,650.06,2025-04-17 00:37:54,0.9983
25926,820,atm_withdrawal,4686.83,2025-05-12 03:25:13,0.9982
32300,1776,online_retail,817.48,2025-06-13 03:10:17,0.9982
45809,432,online_retail,1749.64,2025-08-20 03:25:32,0.9982
17969,1969,electronics,2.21,2025-04-01 09:33:59,0.9982
43086,571,atm_withdrawal,1275.44,2025-08-06 02:56:16,0.9982
20399,1821,electronics,14.6,2025-04-14 00:02:59,0.9982
21382,1631,online_retail,2302.98,2025-04-19 02:14:12,0.9981
31901,1963,jewelry,584.36,2025-06-11 03:28:42,0.9981
33339,647,atm_withdrawal,770.87,2025-06-18 00:47:50,0.9981
2010,1523,online_retail,630.27,2025-01-11 02:54:38,0.9981
40109,1117,electronics,14.22,2025-07-22 04:16:34,0.9981
28484,1634,jewelry,14.32,2025-05-25 08:48:38,0.9981
5196,677,atm_withdrawal,1775.64,2025-01-27 04:54:47,0.9981
43003,1931,online_retail,4.96,2025-08-05 15:52:53,0.9981
27306,1136,atm_withdrawal,1000.9,2025-05-19 04:53:38,0.9981
27637,717,atm_withdrawal,3736.73,2025-05-21 00:15:06,0.9981
38991,407,online_retail,13.37,2025-07-16 19:35:35,0.998
35918,892,jewelry,13.31,2025-07-01 17:48:02,0.998
23966,1303,online_retail,2354.38,2025-05-02 04:52:53,0.998
37413,1868,atm_withdrawal,1400.43,2025-07-09 01:01:22,0.998
8497,1134,atm_withdrawal,1570.21,2025-02-13 00:15:11,0.998
7724,101,atm_withdrawal,3562.25,2025-02-09 01:39:21,0.998
23731,1094,atm_withdrawal,1400.28,2025-05-01 01:25:13,0.998
3197,355,online_retail,1527.73,2025-01-17 02:45:09,0.998
2209,1334,atm_withdrawal,936.87,2025-01-12 03:17:29,0.998
48018,442,atm_withdrawal,8.4,2025-08-31 03:53:21,0.998
16727,1653,jewelry,2866.4,2025-03-26 03:14:10,0.998
15094,987,jewelry,940.25,2025-03-18 03:20:44,0.998
36410,182,online_retail,4143.96,2025-07-04 02:36:07,0.998
39272,1196,jewelry,14.42,2025-07-18 04:29:06,0.998
38737,353,electronics,14.56,2025-07-15 12:04:37,0.998
54510,1663,atm_withdrawal,778.0,2025-10-03 04:44:18,0.998
19836,1353,electronics,1458.94,2025-04-11 02:19:27,0.998
45314,1476,jewelry,14.81,2025-08-17 12:16:50,0.9979
31696,747,atm_withdrawal,905.6,2025-06-10 03:53:58,0.9979
45618,1883,atm_withdrawal,1801.01,2025-08-19 03:48:48,0.9979
54910,1795,electronics,3242.54,2025-10-05 02:59:26,0.9979
11034,351,atm_withdrawal,2450.3,2025-02-26 01:29:05,0.9979
50961,474,atm_withdrawal,1189.42,2025-09-15 04:09:12,0.9979
7009,629,atm_withdrawal,1123.16,2025-02-05 03:26:59,0.9979
8145,877,jewelry,954.24,2025-02-11 04:16:59,0.9979
43665,754,atm_withdrawal,4083.29,2025-08-09 02:12:12,0.9979
49397,1989,electronics,1773.24,2025-09-07 03:20:51,0.9979
27497,408,jewelry,2489.9,2025-05-20 04:58:08,0.9979
47181,525,jewelry,964.93,2025-08-27 02:15:39,0.9979
10054,1973,electronics,1024.81,2025-02-21 02:05:23,0.9979
10836,1475,atm_withdrawal,1709.92,2025-02-25 00:42:14,0.9979
8327,1147,jewelry,1082.64,2025-02-12 02:24:51,0.9979
48869,1109,jewelry,4.08,2025-09-04 06:13:17,0.9979
18108,19,atm_withdrawal,975.76,2025-04-02 03:51:49,0.9979
40720,1269,atm_withdrawal,845.48,2025-07-25 03:54:15,0.9979
27058,967,jewelry,11.95,2025-05-17 22:09:14,0.9979
17352,1988,atm_withdrawal,1269.01,2025-03-29 02:22:33,0.9979
29036,1930,jewelry,2941.73,2025-05-28 01:25:24,0.9979
28651,183,jewelry,1283.06,2025-05-26 03:11:59,0.9979
19641,1965,jewelry,674.25,2025-04-10 03:35:24,0.9979
4784,277,atm_withdrawal,2639.56,2025-01-25 03:19:32,0.9979
17715,606,atm_withdrawal,821.92,2025-03-31 02:41:30,0.9979
19194,1594,atm_withdrawal,3063.42,2025-04-08 00:24:34,0.9979
15642,1020,online_retail,3303.34,2025-03-21 02:20:08,0.9979
19427,1108,atm_withdrawal,2016.74,2025-04-09 03:31:03,0.9979
35291,1296,atm_withdrawal,1713.25,2025-06-28 04:42:58,0.9979
47157,1016,atm_withdrawal,1068.24,2025-08-27 00:04:27,0.9979
58277,1925,atm_withdrawal,1137.22,2025-10-22 03:43:05,0.9978
33143,239,atm_withdrawal,3081.8,2025-06-17 03:24:07,0.9978
38052,1960,electronics,649.13,2025-07-12 02:41:46,0.9978
34135,1015,electronics,1508.49,2025-06-22 01:38:14,0.9978
31899,1135,atm_withdrawal,1014.8,2025-06-11 03:09:28,0.9978
27478,1859,atm_withdrawal,886.61,2025-05-20 03:04:08,0.9978
22186,161,atm_withdrawal,2803.0,2025-04-23 03:57:06,0.9978
9466,1817,online_retail,2115.47,2025-02-18 01:36:02,0.9978
39877,1820,online_retail,1243.1,2025-07-21 01:15:11,0.9978
21205,1935,electronics,13.76,2025-04-18 05:35:03,0.9978
10619,223,jewelry,9047.29,2025-02-24 01:57:53,0.9978
28844,1811,atm_withdrawal,990.43,2025-05-27 03:32:09,0.9978
36428,941,online_retail,897.9,2025-07-04 04:53:57,0.9978
5191,106,online_retail,639.5,2025-01-27 04:11:12,0.9978
10059,1455,atm_withdrawal,1353.29,2025-02-21 02:49:24,0.9978
36618,382,electronics,3.82,2025-07-05 01:53:18,0.9978
29060,1375,jewelry,2126.33,2025-05-28 04:33:24,0.9978
17557,1008,jewelry,8902.11,2025-03-30 04:28:47,0.9978
42688,31,jewelry,1295.04,2025-08-04 01:19:50,0.9978
11498,1539,atm_withdrawal,1938.93,2025-02-28 04:54:03,0.9978
14473,926,atm_withdrawal,8183.6,2025-03-15 01:04:33,0.9978
35265,446,atm_withdrawal,1205.37,2025-06-28 01:55:46,0.9978
12089,1541,jewelry,1971.14,2025-03-03 02:43:45,0.9978
31090,299,jewelry,646.0,2025-06-07 00:28:26,0.9978
12076,1664,atm_withdrawal,738.33,2025-03-03 00:52:02,0.9978
43686,844,dining,975.72,2025-08-09 04:44:21,0.9978
56713,51,atm_withdrawal,1528.95,2025-10-14 04:24:35,0.9977
8899,1998,electronics,1455.33,2025-02-15 03:59:58,0.9977
58088,709,atm_withdrawal,1685.81,2025-10-21 02:25:30,0.9977
15258,173,online_retail,1193.49,2025-03-19 00:06:48,0.9977
15881,1487,jewelry,1660.59,2025-03-22 02:21:29,0.9977
17712,413,atm_withdrawal,1115.75,2025-03-31 02:31:30,0.9977
16118,382,electronics,4816.46,2025-03-23 02:32:57,0.9977
18484,776,electronics,2839.65,2025-04-04 03:39:14,0.9977
12894,1204,atm_withdrawal,1060.96,2025-03-07 03:34:15,0.9977
46596,952,jewelry,1333.47,2025-08-24 04:38:55,0.9977
10036,1909,jewelry,1722.31,2025-02-21 00:22:38,0.9977
39642,1896,jewelry,878.22,2025-07-20 00:59:54,0.9977
30902,625,electronics,861.66,2025-06-06 02:57:06,0.9977
40085,519,jewelry,773.41,2025-07-22 01:40:33,0.9977
29030,1972,online_retail,878.08,2025-05-28 01:12:13,0.9976
7514,1338,atm_withdrawal,1420.3,2025-02-08 00:53:51,0.9976
8874,1917,jewelry,2037.49,2025-02-15 00:30:46,0.9976
8318,1897,online_retail,484.98,2025-02-12 01:05:54,0.9976
33580,1082,atm_withdrawal,1739.72,2025-06-19 04:46:44,0.9976
56711,1715,jewelry,925.02,2025-10-14 04:19:35,0.9976
26568,896,jewelry,1126.92,2025-05-15 04:50:56,0.9976
28835,1549,online_retail,2.33,2025-05-27 02:48:21,0.9976
49007,593,online_retail,3316.13,2025-09-05 02:40:10,0.9976
14244,1972,atm_withdrawal,4045.68,2025-03-14 00:55:09,0.9976
17156,2000,electronics,1674.87,2025-03-28 02:06:25,0.9976
24545,1323,atm_withdrawal,1772.77,2025-05-05 00:45:30,0.9976
25344,519,atm_withdrawal,1299.1,2025-05-09 04:07:53,0.9976
37433,1993,atm_withdrawal,1357.29,2025-07-09 03:10:26,0.9976
38318,105,online_retail,6.7,2025-07-13 10:28:39,0.9976
7952,519,online_retail,1629.64,2025-02-10 02:58:39,0.9975
51814,1977,atm_withdrawal,10.29,2025-09-19 14:32:42,0.9975
8505,1136,jewelry,1268.97,2025-02-13 01:35:45,0.9975
10432,1434,online_retail,1109.4,2025-02-23 04:06:55,0.9975
11488,1591,jewelry,585.92,2025-02-28 03:39:36,0.9975
14074,134,online_retail,9.63,2025-03-13 05:04:09,0.9975
18452,1771,electronics,1835.29,2025-04-04 00:07:06,0.9975
15263,414,jewelry,777.35,2025-03-19 00:29:18,0.9975
48204,757,jewelry,2152.93,2025-09-01 00:37:25,0.9975
37701,304,jewelry,14.8,2025-07-10 09:02:46,0.9975
28244,1356,atm_withdrawal,2992.12,2025-05-24 03:58:02,0.9975
26704,823,atm_withdrawal,809.44,2025-05-16 01:04:57,0.9975
36082,246,online_retail,14.87,2025-07-02 09:43:22,0.9975
227,1722,atm_withdrawal,3279.4,2025-01-02 04:59:34,0.9975
13255,1058,online_retail,1254.68,2025-03-09 01:31:49,0.9974
44550,1415,atm_withdrawal,7.42,2025-08-13 16:51:18,0.9974
13637,1597,online_retail,2198.82,2025-03-11 00:50:07,0.9974
13855,1696,jewelry,666.13,2025-03-12 01:49:21,0.9974
3550,1487,atm_withdrawal,1002.43,2025-01-19 01:38:56,0.9974
28004,37,electronics,841.31,2025-05-23 00:32:20,0.9974
28834,1549,online_retail,4.78,2025-05-27 02:47:12,0.9974
53845,1493,jewelry,1051.64,2025-09-30 01:08:49,0.9974
39676,1470,electronics,2872.06,2025-07-20 03:54:31,0.9974
50758,1597,atm_withdrawal,2525.94,2025-09-14 03:57:20,0.9974
50136,609,atm_withdrawal,821.84,2025-09-11 00:03:42,0.9974
30913,1025,atm_withdrawal,1513.34,2025-06-06 04:12:03,0.9974
33362,811,atm_withdrawal,1061.87,2025-06-18 04:20:30,0.9974
23525,190,utilities,2517.16,2025-04-30 02:03:00,0.9974
31480,317,jewelry,681.05,2025-06-09 01:04:00,0.9974
18703,1968,jewelry,1749.93,2025-04-05 04:58:32,0.9974
36827,930,electronics,1538.88,2025-07-06 01:57:18,0.9973
45309,371,electronics,2.88,2025-08-17 11:58:51,0.9973
45409,83,atm_withdrawal,996.52,2025-08-18 01:00:07,0.9973
6436,306,electronics,12.27,2025-02-02 08:07:06,0.9973
18872,957,electronics,987.29,2025-04-06 04:36:11,0.9972
54507,262,atm_withdrawal,2785.61,2025-10-03 04:09:06,0.9972
41076,1436,electronics,842.46,2025-07-27 00:16:55,0.9972
1798,574,jewelry,1098.52,2025-01-10 00:47:12,0.9972
20218,1518,electronics,1344.53,2025-04-13 02:59:01,0.9972
54930,1857,jewelry,1342.52,2025-10-05 04:55:13,0.9972
3546,1651,atm_withdrawal,1315.24,2025-01-19 01:06:48,0.9972
2591,1176,dining,2494.32,2025-01-14 03:10:49,0.9972
16922,213,jewelry,1066.9,2025-03-27 00:09:53,0.9972
7930,1315,atm_withdrawal,5026.1,2025-02-10 00:53:18,0.9971
24001,640,atm_withdrawal,9.46,2025-05-02 08:42:46,0.9971
8612,894,electronics,13.91,2025-02-13 15:13:31,0.9971
49205,330,jewelry,2580.34,2025-09-06 04:07:29,0.9971
38049,1064,electronics,1025.84,2025-07-12 02:24:25,0.9971
22175,1741,jewelry,5756.22,2025-04-23 02:57:17,0.9971
392,368,electronics,3431.62,2025-01-03 00:35:02,0.9971
31114,846,electronics,1492.04,2025-06-07 03:04:58,0.997
21580,1391,jewelry,608.12,2025-04-20 02:00:37,0.997
37859,679,online_retail,2582.67,2025-07-11 03:48:24,0.997
25142,30,dining,1050.95,2025-05-08 02:40:17,0.997
23999,640,atm_withdrawal,10.17,2025-05-02 08:40:03,0.997
3214,645,electronics,1152.91,2025-01-17 04:51:37,0.997
58858,1405,electronics,2067.06,2025-10-25 04:05:29,0.997
6576,1029,atm_withdrawal,1448.41,2025-02-03 00:45:03,0.997
38646,81,utilities,816.55,2025-07-15 02:21:57,0.997
26879,28,online_retail,4115.57,2025-05-17 00:05:12,0.997
41305,1966,online_retail,953.59,2025-07-28 00:52:31,0.997
37018,683,jewelry,793.62,2025-07-07 00:42:09,0.9969
1614,1285,online_retail,965.62,2025-01-09 03:57:50,0.9969
14498,399,dining,10644.95,2025-03-15 04:00:42,0.9969
1008,1639,online_retail,933.21,2025-01-06 02:59:26,0.9969
38644,1676,atm_withdrawal,1007.23,2025-07-15 02:04:29,0.9969
29653,1278,jewelry,2568.87,2025-05-31 01:39:04,0.9968
11063,204,jewelry,884.77,2025-02-26 04:07:31,0.9968
215,924,jewelry,725.3,2025-01-02 04:01:45,0.9968
24000,640,atm_withdrawal,13.72,2025-05-02 08:41:23,0.9968
10067,927,electronics,1032.35,2025-02-21 03:35:32,0.9968
43504,1433,dining,925.24,2025-08-08 03:48:01,0.9968
52490,1702,atm_withdrawal,13.45,2025-09-23 04:53:29,0.9967
19658,1169,online_retail,1122.02,2025-04-10 04:43:39,0.9967
20030,1245,online_retail,1002.89,2025-04-12 02:33:41,0.9967
28235,1934,utilities,767.53,2025-05-24 03:16:29,0.9967
12709,510,dining,1389.94,2025-03-06 03:37:18,0.9967
13068,349,electronics,1642.66,2025-03-08 04:03:32,0.9967
37422,1251,online_retail,1267.57,2025-07-09 01:35:21,0.9967
14496,1742,electronics,594.08,2025-03-15 03:52:55,0.9966
6365,1032,electronics,592.24,2025-02-02 01:07:23,0.9966
29045,1442,atm_withdrawal,478.3,2025-05-28 02:28:00,0.9966
56517,1652,jewelry,679.13,2025-10-13 04:53:07,0.9965
58636,1262,atm_withdrawal,10.93,2025-10-24 03:10:51,0.9965
34701,573,electronics,803.47,2025-06-25 01:17:17,0.9964
38430,1728,utilities,724.74,2025-07-14 01:19:01,0.9964
39058,160,atm_withdrawal,594.0,2025-07-17 03:31:27,0.9964
43661,942,atm_withdrawal,836.99,2025-08-09 01:59:02,0.9964
40334,1637,electronics,1609.76,2025-07-23 03:20:25,0.9964
34540,201,electronics,5716.83,2025-06-24 03:32:51,0.9964
21368,669,electronics,3917.35,2025-04-19 00:59:44,0.9964
12520,1984,electronics,1051.61,2025-03-05 01:49:18,0.9963
33550,1384,electronics,1438.41,2025-06-19 02:19:15,0.9963
34911,1635,electronics,1016.92,2025-06-26 02:57:52,0.9963
12096,638,electronics,1720.99,2025-03-03 03:24:30,0.9963
10584,1049,online_retail,10.97,2025-02-23 22:37:21,0.9963
50362,559,jewelry,1319.95,2025-09-12 03:14:05,0.9963
50949,1384,electronics,1598.52,2025-09-15 02:49:19,0.9963
20425,543,electronics,601.57,2025-04-14 03:32:35,0.9963
5579,489,electronics,1592.81,2025-01-29 03:42:25,0.9963
23998,640,atm_withdrawal,13.26,2025-05-02 08:39:49,0.9963
20975,542,electronics,795.25,2025-04-17 02:05:52,0.9962
5768,1086,atm_withdrawal,655.28,2025-01-30 01:02:52,0.9962
58099,376,electronics,1752.98,2025-10-21 03:28:53,0.9962
43113,1415,jewelry,9.15,2025-08-06 06:01:17,0.9962
5397,1429,electronics,1323.04,2025-01-28 02:51:27,0.9962
28038,947,electronics,787.99,2025-05-23 04:16:42,0.9962
2409,823,atm_withdrawal,809.23,2025-01-13 04:53:41,0.9962
4342,277,electronics,2712.66,2025-01-23 00:39:11,0.9962
15264,1508,electronics,1770.35,2025-03-19 00:41:13,0.9961
46667,1041,electronics,8.3,2025-08-24 13:39:29,0.9961
25765,1902,electronics,470.66,2025-05-11 03:20:46,0.9961
46755,1063,atm_withdrawal,662.58,2025-08-25 01:08:37,0.9961
28836,1549,atm_withdrawal,14.52,2025-05-27 02:48:52,0.9961
56419,1708,electronics,7.34,2025-10-12 18:07:22,0.9961
56510,606,atm_withdrawal,524.79,2025-10-13 04:05:06,0.9961
1010,291,jewelry,1927.81,2025-01-06 03:05:39,0.996
21790,68,electronics,926.12,2025-04-21 02:59:59,0.996
41087,1998,electronics,1353.97,2025-07-27 01:15:50,0.996
4351,1368,dining,2083.68,2025-01-23 01:16:15,0.996
24582,438,jewelry,667.06,2025-05-05 04:36:15,0.996
10623,1042,electronics,1344.67,2025-02-24 02:12:56,0.996
17899,1244,electronics,1091.63,2025-04-01 01:40:02,0.996
28425,21,utilities,1069.23,2025-05-25 01:49:27,0.996
19034,499,online_retail,3394.36,2025-04-07 03:04:55,0.9959
38630,736,electronics,1551.24,2025-07-15 00:47:38,0.9959
22558,162,atm_withdrawal,914.17,2025-04-25 04:29:04,0.9959
20964,1053,electronics,3730.09,2025-04-17 01:12:03,0.9959
40533,1322,electronics,820.91,2025-07-24 03:10:37,0.9959
39648,191,jewelry,468.07,2025-07-20 01:20:58,0.9959
22371,22,electronics,1366.57,2025-04-24 03:49:36,0.9959
33340,609,dining,1549.49,2025-06-18 00:57:41,0.9959
2571,637,electronics,2953.32,2025-01-14 00:20:39,0.9959
46759,555,electronics,4686.33,2025-08-25 02:02:34,0.9959
17171,1041,online_retail,516.74,2025-03-28 03:09:55,0.9959
27484,1328,electronics,4746.27,2025-05-20 03:29:54,0.9958
3757,1922,dining,6734.9,2025-01-20 02:53:54,0.9958
27639,253,electronics,3000.41,2025-05-21 00:24:03,0.9958
38448,39,electronics,3162.77,2025-07-14 03:05:37,0.9958
46391,1173,online_retail,1096.77,2025-08-23 01:30:06,0.9957
18106,34,electronics,1004.11,2025-04-02 03:43:45,0.9957
48092,61,online_retail,12.79,2025-08-31 11:44:10,0.9957
48095,61,online_retail,10.61,2025-08-31 11:47:44,0.9957
10861,1290,electronics,750.93,2025-02-25 03:40:06,0.9956
44627,145,electronics,1266.36,2025-08-14 01:57:02,0.9956
10035,1203,online_retail,736.62,2025-02-21 00:20:10,0.9955
43114,1415,jewelry,11.04,2025-08-06 06:02:09,0.9955
6611,350,jewelry,473.69,2025-02-03 03:19:07,0.9954
49375,394,electronics,556.34,2025-09-07 00:44:41,0.9954
48094,61,online_retail,14.22,2025-08-31 11:47:01,0.9953
17696,1357,travel,1336.73,2025-03-31 00:39:55,0.9953
51654,1302,online_retail,11.9,2025-09-18 20:58:46,0.9953
55820,626,online_retail,11.79,2025-10-09 23:15:56,0.9953
44549,1415,atm_withdrawal,14.05,2025-08-13 16:50:47,0.9953
30291,348,grocery,1212.03,2025-06-03 03:44:42,0.9953
31701,1291,electronics,2174.0,2025-06-10 04:38:08,0.9952
23513,107,electronics,1121.06,2025-04-30 00:32:03,0.9952
35473,1248,jewelry,4118.38,2025-06-29 04:40:58,0.9952
9476,560,online_retail,622.24,2025-02-18 03:16:38,0.9952
33118,320,electronics,1196.44,2025-06-17 00:39:56,0.9952
20429,893,electronics,2749.33,2025-04-14 04:01:30,0.9951
5549,1232,electronics,2987.22,2025-01-29 00:16:40,0.9951
42682,1447,electronics,962.9,2025-08-04 00:24:26,0.9951
54233,1970,jewelry,14.73,2025-10-01 21:35:01,0.9951
33371,1343,electronics,1161.25,2025-06-18 04:52:05,0.9951
16357,239,electronics,5913.98,2025-03-24 04:54:50,0.995
16,1578,electronics,620.4,2025-01-01 00:55:05,0.995
35241,1641,electronics,14.61,2025-06-27 23:05:31,0.995
58445,1951,electronics,1605.17,2025-10-23 02:57:57,0.9949
43963,142,electronics,11.32,2025-08-10 14:31:37,0.9949
43489,1961,utilities,1157.84,2025-08-08 02:03:24,0.9948
41509,459,electronics,1138.73,2025-07-29 00:36:09,0.9948
9860,507,electronics,539.41,2025-02-20 03:50:58,0.9948
3966,520,electronics,1576.42,2025-01-21 04:43:07,0.9948
50369,80,online_retail,893.0,2025-09-12 03:56:45,0.9948
33345,603,grocery,1310.21,2025-06-18 01:57:06,0.9948
51119,1022,electronics,659.98,2025-09-16 01:01:43,0.9948
14052,1383,electronics,1177.28,2025-03-13 02:10:24,0.9947
24363,417,online_retail,914.94,2025-05-04 04:22:56,0.9947
21590,827,dining,574.76,2025-04-20 04:50:56,0.9947
51123,851,jewelry,977.67,2025-09-16 01:26:07,0.9947
9461,545,travel,1289.58,2025-02-18 00:50:44,0.9947
43304,1649,utilities,2117.73,2025-08-07 03:33:04,0.9947
37223,738,grocery,1974.64,2025-07-08 02:42:33,0.9946
12697,1216,electronics,1969.48,2025-03-06 01:43:16,0.9946
52291,426,jewelry,1875.12,2025-09-22 03:43:39,0.9946
41910,775,electronics,717.57,2025-07-31 00:36:04,0.9946
37013,28,electronics,2047.22,2025-07-07 00:20:39,0.9945
40095,293,travel,542.61,2025-07-22 02:46:37,0.9945
32517,1481,grocery,1279.91,2025-06-14 03:09:50,0.9945
41714,1979,electronics,962.09,2025-07-30 02:39:40,0.9945
55678,925,fuel,3239.94,2025-10-09 02:12:07,0.9945
49011,1403,online_retail,1076.2,2025-09-05 03:06:21,0.9945
52656,971,atm_withdrawal,1826.27,2025-09-24 02:36:41,0.9944
51147,1099,online_retail,1411.43,2025-09-16 04:40:10,0.9944
16732,667,electronics,605.22,2025-03-26 03:42:19,0.9944
28833,1549,atm_withdrawal,14.73,2025-05-27 02:46:41,0.9943
54283,1839,travel,905.11,2025-10-02 01:51:16,0.9943
11873,1651,atm_withdrawal,760.97,2025-03-02 01:49:06,0.9943
7944,1464,fuel,1362.4,2025-02-10 02:17:59,0.9943
33156,818,dining,2135.08,2025-06-17 04:41:09,0.9943
37702,304,online_retail,14.94,2025-07-10 09:03:07,0.9942
47376,136,online_retail,1013.96,2025-08-28 00:51:33,0.9942
10618,144,electronics,1835.04,2025-02-24 01:47:38,0.9942
44049,376,fuel,3270.36,2025-08-11 01:11:08,0.9942
16527,968,jewelry,14.78,2025-03-25 01:42:24,0.9941
57494,812,electronics,3731.46,2025-10-18 01:13:51,0.9941
38254,537,electronics,448.2,2025-07-13 03:39:16,0.9941
5984,52,fuel,3142.96,2025-01-31 04:04:06,0.994
2597,1417,jewelry,540.66,2025-01-14 03:44:48,0.994
24167,1616,dining,1580.96,2025-05-03 03:14:05,0.9939
4755,1490,electronics,493.67,2025-01-25 00:29:03,0.9939
56477,95,electronics,2289.3,2025-10-13 00:32:10,0.9939
47403,1161,utilities,583.82,2025-08-28 04:25:09,0.9938
22364,1817,travel,3051.13,2025-04-24 03:07:14,0.9937
34350,1367,electronics,544.55,2025-06-23 03:27:58,0.9936
31193,1196,electronics,4.57,2025-06-07 12:33:03,0.9936
9653,24,grocery,2252.13,2025-02-19 00:26:59,0.9936
29878,687,atm_withdrawal,455.41,2025-06-01 04:10:27,0.9936
15626,433,online_retail,352.93,2025-03-21 00:37:55,0.9935
38450,1580,dining,1406.92,2025-07-14 03:20:01,0.9935
52869,995,jewelry,4191.51,2025-09-25 04:10:43,0.9935
12322,1342,dining,673.6,2025-03-04 04:32:32,0.9935
8887,1462,utilities,854.51,2025-02-15 02:28:52,0.9934
34528,878,grocery,2085.12,2025-06-24 01:45:01,0.9934
42722,765,grocery,1552.89,2025-08-04 04:32:58,0.9934
9572,1250,electronics,12.56,2025-02-18 15:11:40,0.9933
36840,373,grocery,1815.49,2025-07-06 02:52:32,0.9933
54280,1776,grocery,2800.37,2025-10-02 01:46:05,0.9933
17968,1969,online_retail,13.87,2025-04-01 09:32:30,0.9933
43684,1992,dining,1344.37,2025-08-09 04:42:06,0.9932
4143,806,fuel,1768.74,2025-01-22 03:35:47,0.9931
25324,1609,fuel,585.61,2025-05-09 01:49:12,0.993
23548,911,utilities,752.0,2025-04-30 04:04:43,0.993
49578,1502,electronics,810.13,2025-09-08 02:13:03,0.9929
45797,231,electronics,1556.3,2025-08-20 01:58:43,0.9928
12078,1498,fuel,751.89,2025-03-03 01:16:36,0.9928
41909,1680,utilities,579.32,2025-07-31 00:29:03,0.9927
4126,704,entertainment,4313.06,2025-01-22 01:51:41,0.9927
42110,172,grocery,1517.3,2025-08-01 00:12:23,0.9927
39872,1946,dining,699.99,2025-07-21 00:51:02,0.9927
3957,929,grocery,2043.68,2025-01-21 03:55:48,0.9926
10046,1887,electronics,923.86,2025-02-21 01:42:10,0.9925
17890,1984,electronics,1586.58,2025-04-01 00:08:17,0.9925
12878,585,travel,526.72,2025-03-07 01:32:39,0.9924
27644,1472,fuel,1622.19,2025-05-21 01:04:43,0.9924
6393,1696,utilities,1522.46,2025-02-02 04:00:10,0.9924
8115,1744,travel,617.08,2025-02-11 00:48:27,0.9924
34241,460,electronics,12.69,2025-06-22 13:57:31,0.9924
53259,859,electronics,2017.57,2025-09-27 02:13:58,0.9923
51931,1538,online_retail,826.18,2025-09-20 03:36:38,0.9923
14686,87,grocery,1160.76,2025-03-16 02:54:15,0.9922
59324,673,online_retail,6.15,2025-10-27 17:39:40,0.9922
38666,1170,fuel,1274.54,2025-07-15 04:12:36,0.9921
45010,1695,online_retail,13.21,2025-08-16 01:11:11,0.9921
15662,848,entertainment,1223.01,2025-03-21 04:14:05,0.9921
20235,683,utilities,649.01,2025-04-13 04:51:40,0.9921
1394,515,travel,4338.79,2025-01-08 01:31:03,0.992
44255,85,entertainment,1081.79,2025-08-12 02:11:15,0.992
13075,111,grocery,1739.23,2025-03-08 04:49:31,0.992
27,306,electronics,325.27,2025-01-01 02:19:28,0.992
47190,959,entertainment,969.07,2025-08-27 02:51:44,0.9919
56889,1615,electronics,3356.51,2025-10-15 02:03:44,0.9919
51324,430,atm_withdrawal,3725.37,2025-09-17 03:06:09,0.9917
14689,1459,travel,776.29,2025-03-16 03:29:27,0.9917
33126,1031,fuel,2166.38,2025-06-17 01:18:22,0.9917
23516,847,fuel,2794.05,2025-04-30 00:40:34,0.9916
40537,492,fuel,1563.43,2025-07-24 03:37:21,0.9916
39678,444,fuel,961.35,2025-07-20 03:58:37,0.9915
11238,400,grocery,568.61,2025-02-27 01:48:40,0.9915
8347,1044,fuel,1907.05,2025-02-12 04:39:09,0.9914
54926,146,dining,1866.03,2025-10-05 04:19:00,0.9913
37640,1761,electronics,355.99,2025-07-10 02:44:03,0.9912
48220,1425,electronics,877.0,2025-09-01 02:10:57,0.9909
17719,1799,grocery,624.77,2025-03-31 02:53:36,0.9907
55510,1477,electronics,1485.78,2025-10-08 04:52:00,0.9907
44653,1180,atm_withdrawal,690.92,2025-08-14 04:22:40,0.9906
14693,651,entertainment,1915.87,2025-03-16 03:58:19,0.9904
44655,277,dining,2332.75,2025-08-14 04:38:23,0.9904
5970,1877,travel,597.23,2025-01-31 02:08:31,0.9904
6178,800,utilities,464.08,2025-02-01 01:00:21,0.9902
32088,483,entertainment,1202.08,2025-06-12 03:20:25,0.9901
54266,1033,dining,1033.96,2025-10-02 00:27:35,0.99
40527,1031,fuel,682.77,2025-07-24 02:54:19,0.9899
58866,402,online_retail,2112.54,2025-10-25 04:41:02,0.9898
49755,912,online_retail,8.71,2025-09-09 00:55:28,0.9898
49754,912,online_retail,2.37,2025-09-09 00:54:34,0.9898
5158,118,fuel,821.89,2025-01-27 00:31:10,0.9897
52450,1208,online_retail,12.49,2025-09-23 00:03:44,0.9897
48835,1203,travel,583.7,2025-09-04 03:06:47,0.9896
7006,648,electronics,302.52,2025-02-05 03:06:30,0.9895
46025,784,entertainment,925.53,2025-08-21 03:48:16,0.9894
20204,987,entertainment,594.31,2025-04-13 00:35:01,0.9893
48093,61,electronics,10.03,2025-08-31 11:45:37,0.9891
55508,1485,electronics,498.08,2025-10-08 04:40:22,0.9891
12325,852,travel,1440.1,2025-03-04 04:45:00,0.9891
39667,706,jewelry,422.73,2025-07-20 03:31:53,0.9887
45040,1973,electronics,959.96,2025-08-16 04:10:00,0.9885
35648,1722,entertainment,907.23,2025-06-30 01:18:53,0.9884
55127,665,electronics,1976.61,2025-10-06 04:28:11,0.9883
58853,1063,entertainment,2952.88,2025-10-25 03:20:52,0.9882
37860,718,entertainment,723.91,2025-07-11 03:54:13,0.9881
49792,804,entertainment,4760.99,2025-09-09 04:59:09,0.9881
2202,976,electronics,369.16,2025-01-12 02:29:30,0.9879
13865,1064,entertainment,1009.79,2025-03-12 03:08:23,0.9877
41302,1894,entertainment,796.47,2025-07-28 00:43:14,0.9877
11537,459,online_retail,14.95,2025-02-28 09:29:51,0.9875
8323,123,electronics,328.43,2025-02-12 02:04:38,0.9875
19049,1163,grocery,590.43,2025-04-07 04:13:55,0.9874
59325,673,online_retail,6.31,2025-10-27 17:39:58,0.9873
13283,132,electronics,535.74,2025-03-09 04:14:33,0.9871
46394,1690,entertainment,622.49,2025-08-23 01:49:02,0.9869
616,228,fuel,868.85,2025-01-04 03:44:09,0.9869
22937,1251,travel,759.41,2025-04-27 01:49:38,0.9865
36600,1184,fuel,1517.02,2025-07-05 00:14:16,0.9864
57501,911,grocery,539.42,2025-10-18 01:53:02,0.9859
49373,1508,online_retail,3445.16,2025-09-07 00:37:52,0.9858
46018,913,dining,646.4,2025-08-21 02:58:41,0.9854
49399,1179,grocery,1626.65,2025-09-07 03:27:41,0.9854
10258,8,dining,350.74,2025-02-22 04:55:07,0.9854
58846,203,entertainment,1039.16,2025-10-25 02:08:26,0.9854
8122,1917,jewelry,545.0,2025-02-11 01:47:51,0.9854
43860,1223,entertainment,622.24,2025-08-10 01:37:35,0.9852
45021,1633,electronics,12.19,2025-08-16 01:47:19,0.9852
9483,701,fuel,441.79,2025-02-18 04:12:24,0.9851
57508,1238,grocery,5418.8,2025-10-18 02:27:26,0.9848
10411,1891,electronics,507.91,2025-02-23 00:47:19,0.9846
55102,1942,travel,948.4,2025-10-06 02:03:42,0.9844
44547,1415,electronics,13.94,2025-08-13 16:48:55,0.9837
55821,626,electronics,14.81,2025-10-09 23:16:41,0.9837
47980,911,electronics,368.14,2025-08-31 00:18:42,0.9836
46591,371,entertainment,2093.77,2025-08-24 04:04:22,0.9835
22377,1420,dining,396.86,2025-04-24 04:09:49,0.9834
36006,252,dining,301.69,2025-07-02 02:45:53,0.9829
49211,1694,online_retail,425.05,2025-09-06 04:24:53,0.9828
31697,1708,online_retail,372.49,2025-06-10 03:57:17,0.9826
5960,1260,utilities,653.18,2025-01-31 00:53:40,0.9825
8704,839,grocery,427.13,2025-02-14 01:34:14,0.9821
37427,1475,atm_withdrawal,355.88,2025-07-09 02:23:54,0.9818
45012,1695,electronics,9.96,2025-08-16 01:12:16,0.981
4353,392,online_retail,453.15,2025-01-23 01:39:10,0.9807
11048,1673,utilities,379.23,2025-02-26 03:02:29,0.9801
12527,859,electronics,528.67,2025-03-05 02:56:21,0.9799
44548,1415,electronics,6.0,2025-08-13 16:50:13,0.979
50564,178,atm_withdrawal,444.87,2025-09-13 02:17:14,0.9787
48400,349,grocery,777.33,2025-09-02 00:38:38,0.9784
31875,1670,electronics,320.8,2025-06-11 00:57:39,0.978
51148,365,online_retail,418.9,2025-09-16 04:53:07,0.9772
39056,1672,atm_withdrawal,302.95,2025-07-17 03:21:55,0.977
56888,1836,electronics,413.41,2025-10-15 01:58:37,0.9766
20412,875,utilities,350.86,2025-04-14 01:10:36,0.976
56886,1389,electronics,528.53,2025-10-15 01:43:21,0.9752
36855,1524,dining,310.3,2025-07-06 04:57:55,0.9752
14677,1036,jewelry,279.73,2025-03-16 01:27:23,0.9749
56671,1200,electronics,332.11,2025-10-14 00:10:09,0.9741
22356,100,utilities,318.51,2025-04-24 02:16:11,0.9724
19037,103,entertainment,327.54,2025-04-07 03:25:40,0.9723
58280,798,electronics,1555.45,2025-10-22 03:55:47,0.9714
45031,1728,fuel,1400.14,2025-08-16 03:09:17,0.9712
17521,158,online_retail,242.8,2025-03-30 01:27:08,0.9693
34966,810,electronics,14.99,2025-06-26 10:36:33,0.9685
41536,116,utilities,266.28,2025-07-29 02:54:28,0.9684
46779,12,online_retail,468.32,2025-08-25 03:36:34,0.9681
30669,273,online_retail,195.01,2025-06-05 00:11:52,0.9648
58253,391,dining,370.8,2025-10-22 00:33:12,0.9644
49210,1974,jewelry,390.5,2025-09-06 04:23:37,0.9642
1017,705,entertainment,225.7,2025-01-06 04:02:15,0.9635
30901,1941,utilities,323.13,2025-06-06 02:56:10,0.9633
4960,1150,online_retail,220.04,2025-01-26 01:16:27,0.9631
25943,1257,entertainment,183.08,2025-05-12 04:47:40,0.9626
11258,1484,fuel,1017.75,2025-02-27 03:30:29,0.9622
33757,904,jewelry,337.41,2025-06-20 01:55:14,0.9614
34340,1936,jewelry,213.33,2025-06-23 02:25:57,0.961
27118,105,entertainment,288.03,2025-05-18 04:36:27,0.9607
29470,878,online_retail,280.27,2025-05-30 04:15:32,0.9606
20789,158,dining,199.32,2025-04-16 01:18:46,0.9603
21583,273,travel,186.44,2025-04-20 02:20:41,0.9602
26118,1185,online_retail,251.42,2025-05-13 02:24:12,0.9596
7528,126,electronics,129.07,2025-02-08 02:22:24,0.9596
53488,626,dining,409.08,2025-09-28 02:55:04,0.9564
24162,1443,electronics,221.27,2025-05-03 02:39:46,0.9561
2996,1187,online_retail,198.15,2025-01-16 01:28:48,0.9557
54076,859,fuel,771.23,2025-10-01 02:18:19,0.9553
38642,640,jewelry,184.45,2025-07-15 02:02:38,0.955
49595,1505,online_retail,615.15,2025-09-08 03:34:39,0.9539
32314,263,entertainment,205.24,2025-06-13 04:48:59,0.9538
47793,60,online_retail,340.86,2025-08-30 02:00:31,0.9527
14667,915,electronics,165.27,2025-03-16 00:32:37,0.9527
16740,466,fuel,251.27,2025-03-26 04:31:23,0.9499
12887,208,fuel,193.41,2025-03-07 02:28:57,0.9493
19630,877,electronics,149.8,2025-04-10 02:10:04,0.9481
41946,1349,electronics,116.15,2025-07-31 04:21:30,0.9451
6392,1878,electronics,97.1,2025-02-02 03:57:01,0.9436
7199,208,atm_withdrawal,96.43,2025-02-06 03:58:56,0.941
17548,1351,atm_withdrawal,472.8,2025-03-30 04:02:56,0.941
32099,236,atm_withdrawal,74.27,2025-06-12 04:38:11,0.9331
46758,629,atm_withdrawal,271.06,2025-08-25 02:02:21,0.9326
34336,78,atm_withdrawal,321.59,2025-06-23 02:17:12,0.9315
30270,962,dining,168.42,2025-06-03 01:12:24,0.931
58437,1180,online_retail,228.71,2025-10-23 01:32:59,0.9304
48213,829,fuel,743.37,2025-09-01 01:31:55,0.9303
31122,748,online_retail,138.96,2025-06-07 03:53:57,0.9191
15873,273,online_retail,86.56,2025-03-22 00:58:06,0.9187
47168,1383,dining,245.88,2025-08-27 01:18:49,0.9163
18290,633,utilities,99.69,2025-04-03 02:48:09,0.9134
47405,88,atm_withdrawal,121.33,2025-08-28 04:29:37,0.9132
54924,1696,utilities,464.2,2025-10-05 04:16:47,0.9118
50142,1894,grocery,465.67,2025-09-11 01:04:22,0.9067
22345,1987,dining,395.22,2025-04-24 01:21:31,0.9004
45587,327,grocery,782.01,2025-08-19 00:32:25,0.8999
37307,1048,electronics,4.07,2025-07-08 12:52:25,0.8944
37920,909,electronics,3.23,2025-07-11 11:17:28,0.8937
1562,992,electronics,6.58,2025-01-08 21:18:46,0.8919
35583,1215,electronics,3.72,2025-06-29 17:22:58,0.8908
40616,1115,online_retail,1.06,2025-07-24 12:08:45,0.8899
5605,796,electronics,4.37,2025-01-29 06:29:55,0.8883
30331,364,electronics,1.64,2025-06-03 08:34:45,0.8878
4445,405,electronics,4.76,2025-01-23 12:32:34,0.8873
22319,1887,electronics,3.58,2025-04-23 22:07:03,0.8868
34467,1466,electronics,3.34,2025-06-23 19:11:00,0.8867
38990,407,electronics,4.19,2025-07-16 19:34:48,0.8867
9170,239,electronics,14.13,2025-02-16 13:33:26,0.8861
43975,647,electronics,3.27,2025-08-10 16:30:04,0.8859
25389,438,online_retail,1.66,2025-05-09 09:59:12,0.8847
34073,1277,electronics,8.08,2025-06-21 18:20:45,0.8844
23840,436,grocery,13.8,2025-05-01 13:54:20,0.8844
41821,210,online_retail,1.56,2025-07-30 14:37:58,0.8824
27057,967,online_retail,5.04,2025-05-17 22:09:09,0.8822
43690,558,electronics,7.6,2025-08-09 05:16:26,0.882
14555,1746,electronics,7.5,2025-03-15 10:01:47,0.882
36559,1204,electronics,1.18,2025-07-04 20:02:07,0.8815
9144,1623,online_retail,2.56,2025-02-16 10:42:11,0.8813
14073,134,electronics,3.15,2025-03-13 05:04:04,0.8812
17438,757,online_retail,1.66,2025-03-29 14:15:11,0.8794
15791,684,electronics,10.71,2025-03-21 16:32:12,0.8787
14026,1987,online_retail,2.1,2025-03-12 22:07:11,0.8786
37303,1809,electronics,1.02,2025-07-08 12:34:40,0.8783
9305,227,electronics,5.27,2025-02-17 07:01:27,0.8777
1243,96,electronics,9.38,2025-01-07 08:16:23,0.8768
29976,658,electronics,6.02,2025-06-01 15:29:46,0.8762
35169,213,electronics,12.11,2025-06-27 15:19:27,0.876
48513,314,electronics,3.02,2025-09-02 14:04:08,0.8757
12559,67,online_retail,7.46,2025-03-05 06:46:05,0.8752
3455,1780,electronics,7.04,2025-01-18 12:40:45,0.8752
15567,1803,electronics,8.5,2025-03-20 17:08:56,0.8749
30735,1023,online_retail,7.15,2025-06-05 07:48:22,0.8745
47420,1625,electronics,9.37,2025-08-28 06:09:30,0.8743
16076,1482,electronics,9.14,2025-03-22 22:12:27,0.8741
35425,1036,electronics,4.22,2025-06-28 21:19:45,0.8739
19869,1113,electronics,5.8,2025-04-11 06:22:35,0.8729
25556,927,electronics,10.69,2025-05-10 06:13:16,0.8728
54364,1827,electronics,5.58,2025-10-02 10:23:46,0.8725
46665,1041,electronics,3.55,2025-08-24 13:37:02,0.8725
47121,220,electronics,11.78,2025-08-26 20:30:02,0.8725
45313,1476,electronics,4.48,2025-08-17 12:16:36,0.872
40149,1573,electronics,12.41,2025-07-22 07:00:12,0.8717
22792,1029,electronics,7.3,2025-04-26 07:44:23,0.8713
2140,1318,online_retail,2.43,2025-01-11 18:06:27,0.8713
36186,851,online_retail,7.64,2025-07-02 20:50:08,0.8712
36175,1206,electronics,1.21,2025-07-02 19:29:50,0.8704
40933,909,online_retail,8.38,2025-07-26 06:30:12,0.8699
26297,881,electronics,10.31,2025-05-13 22:18:34,0.8697
39557,427,online_retail,4.13,2025-07-19 15:38:15,0.8696
9580,1280,online_retail,6.47,2025-02-18 16:01:56,0.869
48176,717,electronics,8.43,2025-08-31 21:09:16,0.8689
28308,1389,electronics,13.93,2025-05-24 11:11:29,0.8687
20067,814,online_retail,4.49,2025-04-12 07:12:28,0.8683
40972,220,electronics,13.58,2025-07-26 10:39:25,0.8679
39992,413,online_retail,4.54,2025-07-21 13:40:11,0.8678
48055,1729,electronics,6.2,2025-08-31 08:08:15,0.8674
46320,207,electronics,10.56,2025-08-22 18:53:02,0.8673
8152,1375,online_retail,12.78,2025-02-11 05:05:36,0.867
40242,1333,jewelry,5.33,2025-07-22 18:18:45,0.8666
54617,1422,electronics,11.55,2025-10-03 18:31:20,0.8665
15761,311,jewelry,7.95,2025-03-21 14:41:47,0.8656
10578,770,jewelry,10.34,2025-02-23 22:27:47,0.8656
11850,389,jewelry,8.08,2025-03-01 23:20:01,0.8653
29169,1027,online_retail,3.45,2025-05-28 18:49:10,0.8653
52016,1943,electronics,4.43,2025-09-20 15:10:04,0.8651
10493,1600,online_retail,10.57,2025-02-23 12:14:36,0.865
41401,1142,electronics,3.9,2025-07-28 12:46:40,0.8644
27667,319,travel,274.79,2025-05-21 04:01:32,0.8643
20564,305,online_retail,2.0,2025-04-14 22:30:01,0.8638
31336,910,online_retail,7.22,2025-06-08 05:57:42,0.8634
36799,1201,electronics,3.35,2025-07-05 23:21:21,0.8632
57549,292,electronics,7.33,2025-10-18 07:50:22,0.8631
28710,1305,jewelry,8.45,2025-05-26 12:17:03,0.8631
57555,467,electronics,7.97,2025-10-18 08:41:37,0.8624
22666,424,electronics,4.17,2025-04-25 15:59:42,0.8619
14384,1173,online_retail,2.3,2025-03-14 16:16:21,0.8616
32206,1453,online_retail,11.28,2025-06-12 16:04:43,0.8616
16512,1267,electronics,9.74,2025-03-24 23:41:37,0.8614
4348,1945,atm_withdrawal,780.6,2025-01-23 01:04:17,0.861
17044,1235,online_retail,6.19,2025-03-27 15:43:16,0.8609
37103,67,jewelry,11.34,2025-07-07 11:40:51,0.8606
7771,1478,online_retail,9.84,2025-02-09 06:30:44,0.8604
664,71,online_retail,4.17,2025-01-04 09:37:23,0.859
49369,1683,jewelry,84.55,2025-09-07 00:21:57,0.8585
77,414,online_retail,2.27,2025-01-01 08:59:11,0.8581
14843,226,electronics,3.19,2025-03-16 21:15:44,0.8578
58915,1738,electronics,5.47,2025-10-25 11:02:55,0.8578
44532,1166,online_retail,6.08,2025-08-13 14:59:44,0.8578
6018,1035,online_retail,11.8,2025-01-31 08:10:30,0.8577
31066,1315,online_retail,11.17,2025-06-06 21:00:28,0.8577
27613,476,electronics,1.38,2025-05-20 20:52:50,0.8574
23412,1939,electronics,6.45,2025-04-29 12:43:02,0.8567
38322,327,jewelry,5.69,2025-07-13 10:48:24,0.8562
7830,427,electronics,10.65,2025-02-09 13:36:15,0.8561
21497,317,online_retail,1.51,2025-04-19 16:00:09,0.8561
38148,334,online_retail,4.22,2025-07-12 14:44:02,0.8555
45775,393,electronics,4.2,2025-08-19 23:08:31,0.8549
9299,978,electronics,2.35,2025-02-17 06:38:47,0.8549
28727,1483,electronics,1.1,2025-05-26 14:09:27,0.8548
58715,756,electronics,12.56,2025-10-24 12:50:14,0.8548
30060,119,online_retail,5.74,2025-06-02 01:04:33,0.8545
6221,1364,electronics,2.08,2025-02-01 06:18:39,0.8543
56656,584,electronics,4.87,2025-10-13 22:54:50,0.8538
50399,385,online_retail,9.77,2025-09-12 07:24:15,0.8538
16070,1721,online_retail,9.0,2025-03-22 21:11:32,0.8535
39715,1161,online_retail,3.57,2025-07-20 07:15:46,0.8533
9664,856,utilities,79.65,2025-02-19 01:16:36,0.8531
10008,31,electronics,1.81,2025-02-20 21:49:13,0.8525
6115,1743,jewelry,9.12,2025-01-31 18:11:01,0.8524
661,1686,online_retail,4.33,2025-01-04 09:22:31,0.8521
10722,18,jewelry,6.39,2025-02-24 13:04:15,0.8519
10183,1195,online_retail,9.54,2025-02-21 18:06:12,0.8518
43261,784,electronics,5.98,2025-08-06 22:07:10,0.8517
46726,609,online_retail,2.55,2025-08-24 21:42:07,0.8516
52156,1200,online_retail,4.25,2025-09-21 09:15:02,0.8514
22085,68,online_retail,9.32,2025-04-22 15:33:35,0.8513
43002,1931,jewelry,9.81,2025-08-05 15:52:48,0.8509
30018,1161,jewelry,7.56,2025-06-01 19:37:35,0.8507
6342,364,electronics,3.74,2025-02-01 22:57:28,0.8506
2615,1988,electronics,7.62,2025-01-14 05:12:29,0.85
