customer_id,home_city,avg_monthly_spend,account_age_days
1,Toronto,407.25,322
2,Montreal,680.9,1527
3,Edmonton,624.25,1904
4,Calgary,951.52,2867
5,Calgary,325.44,3602
6,Ottawa,512.1,1537
7,Toronto,864.76,2741
8,Montreal,216.68,3423
9,Vancouver,1014.31,3035
10,Toronto,959.39,1081
11,Edmonton,811.15,2989
12,Ottawa,945.06,1522
13,Montreal,488.35,93
14,Montreal,1471.29,2777
15,Montreal,1360.38,3054
16,Montreal,821.28,1274
17,Edmonton,717.37,1662
18,Toronto,1062.68,1348
19,Ottawa,411.06,453
20,Calgary,960.39,3631
21,Edmonton,815.43,111
22,Calgary,525.05,2041
23,Vancouver,833.6,84
24,Ottawa,1445.85,2525
25,Montreal,193.55,3291
26,Edmonton,330.67,2359
27,Calgary,561.0,2224
28,Montreal,953.01,3027
29,Edmonton,804.2,3556
30,Calgary,951.16,3149
31,Calgary,528.68,867
32,Vancouver,681.5,2068
33,Toronto,1191.08,2994
34,Edmonton,752.92,1096
35,Ottawa,885.0,2474
36,Toronto,666.1,112
37,Ottawa,463.9,3205
38,Montreal,983.22,2254
39,Vancouver,1148.53,2720
40,Edmonton,709.15,3018
41,Toronto,373.82,821
42,Montreal,913.62,1660
43,Montreal,861.71,3138
44,Calgary,586.78,626
45,Toronto,2246.0,3007
46,Ottawa,1466.27,1072
47,Calgary,849.01,2113
48,Ottawa,865.21,1876
49,Montreal,1453.9,2515
50,Montreal,1243.96,3058
51,Montreal,642.37,1293
52,Vancouver,870.22,651
53,Calgary,635.58,1560
54,Calgary,307.31,2245
55,Calgary,204.91,2746
56,Toronto,763.6,2757
57,Edmonton,1441.07,1260
58,Toronto,606.81,3418
59,Montreal,692.26,331
60,Montreal,513.47,452
61,Ottawa,214.19,119
62,Montreal,559.96,3383
63,Calgary,670.15,682
64,Ottawa,743.04,2207
65,Calgary,1303.07,2972
66,Vancouver,889.64,2805
67,Ottawa,1313.1,3464
68,Calgary,950.11,224
69,Toronto,902.12,1503
70,Calgary,995.6,1862
71,Montreal,392.04,2550
72,Vancouver,1071.88,2283
73,Calgary,561.79,2057
74,Toronto,573.25,1140
75,Montreal,699.44,415
76,Calgary,529.79,1592
77,Vancouver,339.03,969
78,Vancouver,667.94,2036
79,Edmonton,574.95,2915
80,Montreal,562.35,2030
81,Ottawa,627.28,2140
82,Calgary,124.67,181
83,Toronto,564.93,2363
84,Montreal,1404.8,1620
85,Edmonton,1343.14,477
86,Montreal,681.98,804
87,Toronto,668.22,2856
88,Vancouver,97.3,3348
89,Montreal,468.6,1867
90,Montreal,989.95,3565
91,Calgary,521.78,681
92,Montreal,1181.88,1114
93,Ottawa,1141.95,3396
94,Calgary,462.71,664
95,Ottawa,712.85,2416
96,Vancouver,1466.92,824
97,Vancouver,239.23,1228
98,Montreal,529.09,1759
99,Edmonton,221.22,1333
100,Toronto,373.37,3195
101,Montreal,1705.91,3551
102,Vancouver,528.98,1840
103,Montreal,151.7,1931
104,Toronto,336.64,230
105,Montreal,203.54,877
106,Montreal,729.2,174
107,Montreal,852.03,3131
108,Edmonton,1080.0,853
109,Calgary,959.84,1263
110,Montreal,247.84,3080
111,Vancouver,827.23,2612
112,Montreal,610.75,2279
113,Edmonton,1168.37,169
114,Calgary,1022.19,2067
115,Edmonton,1830.05,2060
116,Edmonton,355.44,1184
117,Toronto,321.23,2726
118,Toronto,487.23,3394
119,Vancouver,625.73,967
120,Toronto,427.56,1228
121,Calgary,368.21,1196
122,Montreal,795.65,3052
123,Edmonton,486.27,311
124,Calgary,415.73,3273
125,Ottawa,247.5,2835
126,Edmonton,105.42,1779
127,Toronto,1367.06,2142
128,Montreal,1344.52,3267
129,Edmonton,1039.9,2816
130,Edmonton,904.26,1032
131,Edmonton,457.87,212
132,Edmonton,925.56,2413
133,Toronto,305.32,557
134,Edmonton,702.61,348
135,Montreal,392.64,3585
136,Vancouver,927.77,1745
137,Edmonton,1522.11,2386
138,Toronto,335.75,816
139,Calgary,472.54,398
140,Calgary,694.81,257
141,Ottawa,167.5,1312
142,Vancouver,211.19,43
143,Vancouver,1497.4,1550
144,Calgary,797.7,1205
145,Ottawa,441.6,1937
146,Ottawa,651.06,2164
147,Toronto,488.54,1146
148,Vancouver,707.23,1677
149,Montreal,500.27,312
150,Toronto,620.62,1122
151,Ottawa,975.14,3571
152,Vancouver,939.53,3618
153,Ottawa,1450.67,1788
154,Vancouver,830.86,3431
155,Calgary,676.25,1844
156,Edmonton,1570.89,484
157,Toronto,581.56,3171
158,Edmonton,115.16,1532
159,Edmonton,1047.2,2246
160,Montreal,774.23,2378
161,Ottawa,657.23,1145
162,Edmonton,1062.93,2685
163,Calgary,503.01,1844
164,Calgary,120.48,1356
165,Calgary,1074.83,1108
166,Montreal,431.46,2731
167,Vancouver,345.12,932
168,Vancouver,126.42,479
169,Calgary,1024.21,3221
170,Toronto,80.19,1231
171,Toronto,1307.29,2350
172,Toronto,534.62,2623
173,Montreal,1052.03,3064
174,Montreal,845.55,2294
175,Montreal,1732.38,2592
176,Calgary,832.27,3060
177,Montreal,1280.31,3444
178,Toronto,462.94,199
179,Ottawa,210.53,2720
180,Edmonton,1144.77,661
181,Ottawa,205.64,3256
182,Toronto,1017.8,205
183,Calgary,317.12,923
184,Montreal,783.12,725
185,Calgary,1750.4,2214
186,Calgary,972.93,45
187,Toronto,583.14,91
188,Calgary,857.01,1855
189,Vancouver,473.93,3547
190,Vancouver,2124.15,1942
191,Montreal,410.17,1644
192,Edmonton,623.09,2411
193,Edmonton,923.57,2027
194,Calgary,821.24,1423
195,Ottawa,875.67,2160
196,Toronto,480.33,41
197,Calgary,568.27,915
198,Toronto,1115.08,2469
199,Calgary,1084.13,1266
200,Ottawa,832.7,226
201,Calgary,1369.48,480
202,Ottawa,1140.16,3165
203,Calgary,1065.67,1223
204,Montreal,202.6,112
205,Calgary,826.84,2668
206,Vancouver,741.68,1950
207,Montreal,1467.37,1664
208,Ottawa,47.57,3269
209,Vancouver,601.68,1165
210,Montreal,705.86,2102
211,Vancouver,314.19,2726
212,Montreal,358.32,2232
213,Montreal,1469.99,782
214,Calgary,873.73,2497
215,Montreal,1752.6,2721
216,Vancouver,594.9,473
217,Toronto,240.85,628
218,Toronto,542.95,2473
219,Calgary,485.42,460
220,Ottawa,992.38,3216
221,Toronto,969.71,426
222,Calgary,898.89,3556
223,Montreal,2054.12,2460
224,Vancouver,1325.31,1633
225,Montreal,375.78,1001
226,Vancouver,1161.25,1277
227,Montreal,678.17,2739
228,Edmonton,584.78,2756
229,Edmonton,1417.91,785
230,Vancouver,359.51,1995
231,Calgary,1117.87,3624
232,Ottawa,1019.68,961
233,Toronto,354.78,2540
234,Montreal,197.08,653
235,Calgary,633.18,3049
236,Montreal,41.62,646
237,Edmonton,1236.92,1107
238,Calgary,824.98,1692
239,Vancouver,1443.39,1371
240,Edmonton,792.22,645
241,Toronto,1497.16,2350
242,Edmonton,452.63,101
243,Toronto,897.25,3590
244,Edmonton,517.98,218
245,Edmonton,621.12,1238
246,Toronto,704.4,3396
247,Montreal,823.44,591
248,Calgary,412.44,294
249,Montreal,872.5,2722
250,Toronto,683.24,294
251,Vancouver,251.26,3286
252,Calgary,174.1,1663
253,Vancouver,1239.52,3176
254,Vancouver,602.39,917
255,Edmonton,231.19,540
256,Toronto,1633.72,3514
257,Montreal,924.1,2789
258,Toronto,810.64,3327
259,Vancouver,387.79,1187
260,Edmonton,248.56,1495
261,Montreal,742.33,2119
262,Vancouver,657.45,1654
263,Vancouver,317.88,908
264,Ottawa,309.9,1387
265,Ottawa,298.75,2233
266,Edmonton,291.3,167
267,Calgary,442.8,1246
268,Calgary,810.8,1090
269,Edmonton,891.7,284
270,Edmonton,649.21,474
271,Vancouver,722.17,1824
272,Toronto,916.41,400
273,Toronto,138.5,1278
274,Ottawa,756.26,2060
275,Calgary,1358.56,3193
276,Calgary,592.68,387
277,Calgary,1211.24,1603
278,Montreal,599.5,402
279,Toronto,951.76,1581
280,Toronto,801.12,1769
281,Vancouver,295.23,2923
282,Calgary,346.68,1631
283,Montreal,1497.11,3416
284,Calgary,1071.71,528
285,Calgary,624.73,222
286,Ottawa,574.64,46
287,Toronto,389.57,1321
288,Edmonton,841.52,728
289,Edmonton,412.52,361
290,Calgary,528.32,883
291,Montreal,441.63,3559
292,Vancouver,1033.85,2926
293,Ottawa,608.89,97
294,Vancouver,725.44,3343
295,Edmonton,299.52,773
296,Edmonton,439.64,1499
297,Ottawa,735.04,1216
298,Calgary,205.98,1496
299,Vancouver,580.85,2783
300,Toronto,661.4,2609
301,Calgary,272.69,2180
302,Montreal,1181.04,2299
303,Toronto,818.0,2663
304,Ottawa,606.13,696
305,Edmonton,418.86,1462
306,Toronto,199.73,419
307,Vancouver,1130.37,2579
308,Edmonton,497.45,1614
309,Vancouver,240.82,2336
310,Toronto,410.97,2074
311,Edmonton,869.01,1020
312,Montreal,768.9,532
313,Toronto,318.9,3552
314,Vancouver,1244.24,1091
315,Vancouver,238.39,426
316,Edmonton,1389.03,1137
317,Montreal,749.6,3296
318,Montreal,521.94,975
319,Ottawa,568.85,3602
320,Montreal,699.27,1697
321,Vancouver,908.36,3149
322,Toronto,172.54,2394
323,Edmonton,401.99,189
324,Ottawa,685.85,1873
325,Ottawa,1270.93,1539
326,Vancouver,1243.85,759
327,Vancouver,1549.57,2020
328,Toronto,1210.61,402
329,Toronto,381.77,2557
330,Edmonton,659.74,3005
331,Edmonton,1214.67,365
332,Calgary,1148.49,1765
333,Vancouver,586.89,2401
334,Montreal,893.85,254
335,Calgary,495.67,1439
336,Montreal,224.21,964
337,Ottawa,619.19,172
338,Vancouver,596.36,2940
339,Vancouver,480.5,1639
340,Ottawa,910.45,2751
341,Edmonton,574.72,2155
342,Vancouver,838.17,3200
343,Edmonton,1023.1,3639
344,Edmonton,2193.04,2209
345,Ottawa,625.63,1304
346,Vancouver,1280.92,1560
347,Ottawa,762.34,3017
348,Ottawa,788.53,1574
349,Vancouver,630.86,1911
350,Toronto,723.37,732
351,Edmonton,578.07,3614
352,Toronto,1157.14,2385
353,Vancouver,412.03,1225
354,Calgary,222.53,2147
355,Ottawa,470.33,1482
356,Ottawa,438.19,590
357,Toronto,470.16,3196
358,Ottawa,610.59,3236
359,Toronto,471.3,3052
360,Montreal,605.27,1363
361,Ottawa,472.25,958
362,Ottawa,848.55,210
363,Vancouver,2181.91,2678
364,Ottawa,753.3,1216
365,Toronto,484.84,3259
366,Edmonton,96.65,3178
367,Calgary,1784.35,494
368,Vancouver,778.46,3349
369,Toronto,601.95,537
370,Montreal,102.35,1805
371,Calgary,621.52,1745
372,Edmonton,719.7,3491
373,Calgary,473.37,2409
374,Calgary,255.95,3198
375,Ottawa,243.38,2186
376,Toronto,1800.17,3017
377,Montreal,707.31,3114
378,Montreal,473.1,3142
379,Calgary,682.1,1520
380,Vancouver,654.16,1412
381,Toronto,234.26,3595
382,Ottawa,1114.11,2768
383,Ottawa,592.24,3350
384,Vancouver,713.17,2119
385,Toronto,1469.99,3393
386,Toronto,261.73,2635
387,Toronto,397.79,2718
388,Montreal,803.16,673
389,Ottawa,1101.64,2082
390,Toronto,444.56,2677
391,Montreal,461.38,2784
392,Vancouver,957.73,3496
393,Calgary,2087.06,1213
394,Edmonton,695.83,1125
395,Montreal,396.93,3539
396,Ottawa,321.52,3599
397,Toronto,609.48,681
398,Vancouver,1072.95,1399
399,Vancouver,2597.23,3462
400,Vancouver,547.59,752
401,Ottawa,696.5,2865
402,Montreal,1633.9,436
403,Vancouver,795.38,675
404,Ottawa,756.42,2871
405,Calgary,1459.61,2229
406,Edmonton,706.39,2038
407,Calgary,340.39,3130
408,Toronto,1294.53,1141
409,Ottawa,205.06,1851
410,Toronto,1173.13,2232
411,Vancouver,663.44,2708
412,Vancouver,551.26,1232
413,Vancouver,542.35,2323
414,Toronto,608.03,1653
415,Toronto,501.67,1991
416,Montreal,864.1,3152
417,Ottawa,513.02,1455
418,Toronto,149.76,2448
419,Vancouver,666.44,3440
420,Edmonton,141.92,2789
421,Ottawa,663.77,3609
422,Montreal,495.24,2142
423,Montreal,1124.5,1050
424,Edmonton,565.75,3618
425,Calgary,1032.6,2363
426,Vancouver,965.95,903
427,Ottawa,981.31,1178
428,Montreal,578.42,979
429,Toronto,690.38,3047
430,Montreal,850.66,365
431,Toronto,703.23,2708
432,Montreal,566.53,2035
433,Montreal,362.42,295
434,Toronto,671.16,2250
435,Calgary,223.17,2756
436,Toronto,132.82,2657
437,Edmonton,306.41,1943
438,Ottawa,974.77,1244
439,Toronto,765.61,623
440,Calgary,980.42,74
441,Ottawa,422.21,1331
442,Vancouver,1190.0,2318
443,Toronto,243.53,166
444,Calgary,314.67,3645
445,Edmonton,1178.24,2151
446,Edmonton,732.94,1096
447,Vancouver,983.81,3512
448,Ottawa,767.54,695
449,Edmonton,462.61,3496
450,Vancouver,288.28,1049
451,Ottawa,164.16,1404
452,Ottawa,1711.4,1570
453,Calgary,198.79,3631
454,Toronto,1432.08,938
455,Edmonton,708.95,3551
456,Edmonton,781.6,1285
457,Toronto,751.53,1062
458,Edmonton,913.75,2340
459,Ottawa,395.33,2541
460,Toronto,117.02,1279
461,Montreal,456.3,515
462,Toronto,869.24,1463
463,Montreal,316.87,1986
464,Calgary,1206.64,174
465,Toronto,614.98,314
466,Ottawa,296.16,3352
467,Toronto,728.64,159
468,Edmonton,860.71,1502
469,Vancouver,897.21,2795
470,Ottawa,35.98,1217
471,Montreal,1178.99,1821
472,Montreal,229.37,343
473,Calgary,1179.92,2905
474,Calgary,1241.95,2325
475,Edmonton,288.74,3112
476,Montreal,331.65,3157
477,Ottawa,1012.61,1299
478,Toronto,515.1,178
479,Edmonton,1346.44,1283
480,Toronto,1559.46,555
481,Vancouver,295.92,1960
482,Montreal,390.04,559
483,Vancouver,706.13,3367
484,Montreal,113.93,2210
485,Calgary,168.29,945
486,Vancouver,360.14,3364
487,Calgary,1862.64,2816
488,Edmonton,771.94,1614
489,Montreal,433.74,560
490,Edmonton,329.78,1274
491,Ottawa,286.34,2144
492,Ottawa,454.89,2802
493,Montreal,437.88,978
494,Edmonton,574.84,2718
495,Vancouver,884.96,1053
496,Calgary,631.14,923
497,Toronto,1047.59,1648
498,Calgary,549.13,612
499,Ottawa,1626.85,1494
500,Calgary,1032.94,1325
501,Toronto,759.36,1043
502,Edmonton,886.73,2837
503,Ottawa,463.04,1230
504,Ottawa,568.97,2546
505,Vancouver,555.19,2637
506,Calgary,399.94,2440
507,Edmonton,251.27,1004
508,Vancouver,914.99,3032
509,Vancouver,1143.42,886
510,Vancouver,839.85,1033
511,Ottawa,629.99,3197
512,Montreal,2040.68,1259
513,Ottawa,430.1,2553
514,Montreal,774.86,183
515,Ottawa,1238.06,2253
516,Toronto,308.2,3174
517,Ottawa,956.11,2595
518,Toronto,1687.22,2138
519,Calgary,662.51,3103
520,Edmonton,733.84,1109
521,Calgary,431.8,1393
522,Toronto,880.78,281
523,Vancouver,393.37,2558
524,Montreal,638.58,2648
525,Vancouver,228.24,2749
526,Vancouver,68.73,2740
527,Ottawa,489.92,491
528,Toronto,484.82,2441
529,Ottawa,517.4,2793
530,Ottawa,1014.99,767
531,Edmonton,1161.88,1754
532,Toronto,794.31,3335
533,Toronto,974.06,1531
534,Vancouver,401.04,2756
535,Edmonton,337.55,1949
536,Toronto,891.3,2411
537,Calgary,305.28,2297
538,Toronto,281.26,2386
539,Edmonton,2645.91,2851
540,Toronto,688.87,3303
541,Montreal,485.02,1100
542,Toronto,449.64,3390
543,Vancouver,233.24,2302
544,Vancouver,784.38,2186
545,Montreal,548.3,1216
546,Toronto,1143.06,1538
547,Calgary,907.64,2388
548,Edmonton,536.51,1346
549,Edmonton,141.35,1069
550,Montreal,690.0,2995
551,Montreal,652.69,1533
552,Calgary,117.02,2363
553,Montreal,847.14,142
554,Vancouver,297.89,309
555,Ottawa,1177.23,3100
556,Edmonton,628.52,544
557,Montreal,441.33,2910
558,Ottawa,749.53,3288
559,Montreal,721.97,1772
560,Ottawa,706.03,3231
561,Edmonton,1089.12,1576
562,Toronto,777.03,3475
563,Calgary,415.65,888
564,Vancouver,558.88,1578
565,Ottawa,1417.7,1437
566,Vancouver,391.03,2868
567,Vancouver,839.11,188
568,Vancouver,1112.16,3028
569,Edmonton,887.08,114
570,Edmonton,692.59,1172
571,Ottawa,758.39,2187
572,Calgary,919.96,556
573,Vancouver,387.9,1804
574,Toronto,655.29,3639
575,Toronto,2034.12,3010
576,Calgary,854.35,139
577,Ottawa,707.48,2172
578,Edmonton,523.94,2192
579,Ottawa,390.84,276
580,Toronto,773.54,2383
581,Toronto,805.61,1916
582,Ottawa,628.64,2498
583,Toronto,2491.96,1106
584,Toronto,413.97,955
585,Calgary,351.12,2694
586,Ottawa,528.7,2642
587,Montreal,641.07,615
588,Toronto,377.29,813
589,Ottawa,762.49,2152
590,Ottawa,811.85,3031
591,Montreal,983.26,760
592,Ottawa,475.61,823
593,Vancouver,1351.44,2954
594,Ottawa,945.41,2552
595,Vancouver,408.38,3296
596,Montreal,376.15,2865
597,Edmonton,551.66,3480
598,Montreal,813.01,713
599,Edmonton,882.96,1014
600,Edmonton,944.39,891
601,Edmonton,1961.67,230
602,Montreal,178.66,2850
603,Montreal,618.17,2425
604,Toronto,1870.72,341
605,Montreal,1009.2,747
606,Edmonton,336.3,720
607,Vancouver,739.82,1488
608,Edmonton,595.73,1679
609,Ottawa,582.63,1076
610,Ottawa,469.77,3397
611,Ottawa,704.43,800
612,Calgary,1212.44,2063
613,Montreal,497.24,1615
614,Calgary,948.43,1433
615,Montreal,1044.2,3019
616,Edmonton,1345.25,3571
617,Vancouver,371.82,51
618,Vancouver,671.28,1708
619,Toronto,435.18,461
620,Toronto,705.22,1600
621,Calgary,702.39,2263
622,Calgary,310.96,1520
623,Toronto,730.2,1148
624,Calgary,2016.43,1160
625,Edmonton,884.96,1115
626,Vancouver,267.22,1209
627,Calgary,356.26,1383
628,Calgary,650.83,2519
629,Edmonton,361.93,377
630,Calgary,1305.04,177
631,Montreal,244.21,1900
632,Vancouver,888.52,2498
633,Calgary,206.9,966
634,Calgary,644.58,758
635,Vancouver,326.71,2291
636,Montreal,982.02,1420
637,Vancouver,1184.03,2694
638,Vancouver,811.6,560
639,Montreal,1214.71,468
640,Ottawa,90.92,2030
641,Montreal,724.7,1450
642,Ottawa,881.28,2670
643,Ottawa,947.19,1862
644,Calgary,161.29,1313
645,Montreal,851.5,608
646,Vancouver,959.02,621
647,Calgary,719.81,2766
648,Edmonton,269.18,849
649,Ottawa,467.51,1848
650,Ottawa,1308.79,2991
651,Calgary,1227.15,3280
652,Edmonton,871.94,998
653,Vancouver,993.88,426
654,Montreal,1146.84,2834
655,Edmonton,866.15,2517
656,Edmonton,1288.07,1228
657,Montreal,1264.31,2178
658,Edmonton,2364.91,713
659,Toronto,480.24,2566
660,Vancouver,485.89,2662
661,Vancouver,55.28,1113
662,Montreal,829.11,1726
663,Toronto,1810.03,1239
664,Vancouver,1344.82,143
665,Edmonton,1064.16,490
666,Montreal,1396.14,3504
667,Edmonton,890.41,1680
668,Ottawa,555.76,564
669,Ottawa,2058.14,190
670,Toronto,852.99,1309
671,Ottawa,1248.93,3587
672,Edmonton,90.26,1422
673,Edmonton,109.08,3648
674,Toronto,738.28,1801
675,Edmonton,362.04,2795
676,Montreal,778.89,2873
677,Edmonton,485.46,131
678,Toronto,2554.87,52
679,Edmonton,1193.46,3369
680,Ottawa,1471.42,3405
681,Montreal,130.46,510
682,Toronto,1056.0,2368
683,Ottawa,597.23,3373
684,Ottawa,1487.09,3471
685,Vancouver,969.6,1102
686,Montreal,651.58,2988
687,Calgary,290.43,2369
688,Edmonton,729.83,3388
689,Calgary,1292.23,561
690,Montreal,1534.97,2205
691,Ottawa,532.95,118
692,Montreal,2326.56,1323
693,Ottawa,1236.03,71
694,Ottawa,367.2,1633
695,Toronto,310.72,2966
696,Vancouver,620.9,2412
697,Montreal,532.09,1177
698,Edmonton,894.54,1575
699,Toronto,684.22,1360
700,Toronto,561.05,2678
701,Edmonton,216.26,993
702,Edmonton,986.73,362
703,Vancouver,201.95,1864
704,Vancouver,1238.31,3034
705,Toronto,143.82,1757
706,Edmonton,192.69,769
707,Toronto,366.03,196
708,Edmonton,502.04,3447
709,Calgary,436.74,2783
710,Calgary,500.64,593
711,Montreal,788.17,297
712,Edmonton,371.95,497
713,Montreal,792.54,1393
714,Montreal,91.47,2968
715,Ottawa,362.33,608
716,Montreal,185.14,2993
717,Edmonton,1230.23,36
718,Calgary,406.43,2704
719,Vancouver,951.22,1052
720,Edmonton,158.95,3507
721,Toronto,1520.7,1752
722,Ottawa,708.73,1009
723,Ottawa,1949.74,909
724,Toronto,659.82,3022
725,Montreal,218.32,1488
726,Toronto,331.37,1304
727,Montreal,572.44,2693
728,Toronto,340.47,1975
729,Calgary,1161.28,2433
730,Edmonton,695.7,1643
731,Montreal,343.47,261
732,Calgary,1060.22,51
733,Ottawa,524.61,171
734,Montreal,1032.45,2109
735,Vancouver,471.21,1889
736,Montreal,912.88,2735
737,Montreal,512.72,3268
738,Calgary,1161.52,661
739,Montreal,161.92,3495
740,Ottawa,273.36,3402
741,Montreal,605.52,2259
742,Montreal,418.96,1950
743,Edmonton,502.52,669
744,Vancouver,975.06,675
745,Montreal,495.61,97
746,Calgary,809.62,2368
747,Edmonton,360.54,1597
748,Vancouver,133.67,724
749,Vancouver,1028.73,514
750,Toronto,1717.23,259
751,Ottawa,759.43,2350
752,Toronto,626.55,2510
753,Toronto,711.36,2316
754,Ottawa,1402.13,430
755,Edmonton,764.95,179
756,Calgary,1057.99,414
757,Montreal,1030.81,2750
758,Calgary,1218.41,2708
759,Toronto,618.06,1097
760,Montreal,467.02,229
761,Vancouver,918.91,1187
762,Edmonton,1169.06,2961
763,Ottawa,1297.61,549
764,Ottawa,1500.84,2912
765,Calgary,1108.73,1707
766,Montreal,450.03,541
767,Edmonton,758.88,3410
768,Calgary,718.47,1906
769,Toronto,671.16,2461
770,Calgary,920.0,379
771,Edmonton,582.6,1375
772,Ottawa,583.14,2319
773,Toronto,1776.6,2366
774,Montreal,638.49,257
775,Ottawa,1213.35,2217
776,Ottawa,1253.9,3449
777,Calgary,771.63,2876
778,Toronto,597.76,781
779,Vancouver,370.84,3333
780,Ottawa,199.55,2502
781,Ottawa,959.0,236
782,Edmonton,847.36,494
783,Toronto,1042.6,3364
784,Toronto,486.92,788
785,Calgary,1878.62,380
786,Edmonton,892.23,1662
787,Toronto,623.45,1932
788,Montreal,126.34,2104
789,Edmonton,523.24,2415
790,Toronto,1071.51,3645
791,Toronto,1478.81,2778
792,Calgary,685.65,123
793,Montreal,1616.36,350
794,Montreal,351.43,31
795,Calgary,862.68,1460
796,Vancouver,877.23,1298
797,Ottawa,963.53,3409
798,Calgary,744.16,1355
799,Vancouver,834.75,140
800,Calgary,345.54,3229
801,Toronto,1398.52,972
802,Vancouver,1145.08,3333
803,Edmonton,815.24,2833
804,Ottawa,1160.58,3217
805,Montreal,1423.98,2997
806,Montreal,955.33,548
807,Edmonton,1993.29,2296
808,Toronto,1002.17,1521
809,Calgary,384.05,2306
810,Ottawa,790.78,2730
811,Toronto,1186.73,1843
812,Ottawa,1424.76,1161
813,Montreal,753.78,3347
814,Vancouver,363.29,2430
815,Montreal,589.62,3235
816,Ottawa,257.58,888
817,Toronto,1062.66,3064
818,Toronto,519.02,1200
819,Edmonton,426.12,1696
820,Ottawa,1123.19,3144
821,Toronto,1598.01,1314
822,Edmonton,424.87,936
823,Toronto,756.77,3344
824,Edmonton,605.32,3520
825,Edmonton,1462.26,1156
826,Toronto,649.49,1138
827,Montreal,339.65,854
828,Ottawa,668.84,115
829,Ottawa,1291.07,2031
830,Toronto,583.08,952
831,Vancouver,455.17,3103
832,Vancouver,631.42,649
833,Calgary,347.37,2329
834,Toronto,604.83,1864
835,Ottawa,478.19,2245
836,Montreal,2198.22,438
837,Montreal,153.27,1718
838,Vancouver,382.89,2296
839,Toronto,454.93,1264
840,Ottawa,349.04,3197
841,Vancouver,867.68,1946
842,Edmonton,419.76,1342
843,Ottawa,236.94,141
844,Toronto,716.35,639
845,Toronto,561.9,1755
846,Toronto,433.2,1478
847,Toronto,1441.53,3184
848,Toronto,885.01,2875
849,Montreal,827.28,605
850,Edmonton,896.63,2171
851,Ottawa,869.72,1674
852,Montreal,580.23,396
853,Ottawa,422.75,2440
854,Vancouver,725.98,1974
855,Vancouver,573.49,346
856,Ottawa,151.45,1724
857,Vancouver,327.87,2678
858,Toronto,528.23,1214
859,Montreal,1137.1,1321
860,Montreal,727.9,428
861,Ottawa,373.05,769
862,Ottawa,307.93,3581
863,Toronto,1277.61,2277
864,Montreal,597.28,667
865,Ottawa,47.96,1777
866,Montreal,621.45,727
867,Montreal,998.71,1632
868,Ottawa,301.11,557
869,Calgary,694.63,2270
870,Toronto,734.98,2094
871,Calgary,314.32,2323
872,Vancouver,1344.11,1636
873,Toronto,742.73,1065
874,Toronto,526.49,933
875,Montreal,599.82,808
876,Edmonton,272.23,1584
877,Edmonton,263.89,1664
878,Montreal,495.17,2468
879,Edmonton,515.38,219
880,Edmonton,575.2,1049
881,Toronto,1411.76,3116
882,Ottawa,967.52,3343
883,Calgary,172.64,3399
884,Toronto,1261.28,1138
885,Montreal,492.65,526
886,Montreal,1021.99,747
887,Toronto,518.53,507
888,Vancouver,714.25,3485
889,Toronto,287.53,3227
890,Vancouver,811.38,2964
891,Toronto,1089.77,2671
892,Montreal,200.45,1272
893,Edmonton,1099.52,1751
894,Ottawa,421.57,3075
895,Montreal,1668.69,2978
896,Edmonton,1032.96,1908
897,Edmonton,930.91,3061
898,Toronto,602.02,1285
899,Toronto,2424.49,1526
900,Edmonton,494.68,3069
901,Toronto,333.28,1392
902,Toronto,431.57,2752
903,Vancouver,1203.41,1670
904,Ottawa,705.98,1108
905,Calgary,643.89,822
906,Montreal,499.49,2226
907,Calgary,623.33,1766
908,Vancouver,477.32,1367
909,Calgary,982.27,2720
910,Toronto,566.96,33
911,Montreal,436.94,363
912,Vancouver,1146.14,3511
913,Calgary,340.78,2431
914,Ottawa,712.04,2019
915,Edmonton,150.57,83
916,Calgary,247.92,2196
917,Edmonton,528.68,1603
918,Montreal,471.63,2201
919,Vancouver,471.15,178
920,Edmonton,1038.42,2023
921,Ottawa,1073.54,2121
922,Edmonton,796.3,1079
923,Calgary,328.08,227
924,Toronto,620.32,3547
925,Vancouver,1801.39,2597
926,Ottawa,2291.07,2280
927,Edmonton,1152.52,2806
928,Vancouver,337.2,2458
929,Calgary,623.72,516
930,Edmonton,765.34,1676
931,Edmonton,697.92,3246
932,Montreal,1221.71,1072
933,Vancouver,1012.28,3549
934,Edmonton,324.51,262
935,Calgary,443.98,1227
936,Ottawa,1149.76,1297
937,Toronto,1438.08,2265
938,Toronto,771.05,667
939,Calgary,1538.8,859
940,Edmonton,719.51,2426
941,Montreal,365.39,1060
942,Calgary,959.85,3211
943,Ottawa,2858.16,3180
944,Calgary,273.82,1125
945,Toronto,1506.19,2057
946,Toronto,928.63,1235
947,Ottawa,426.56,1278
948,Toronto,153.7,2456
949,Ottawa,106.26,1091
950,Vancouver,470.53,570
951,Toronto,841.95,967
952,Vancouver,1102.18,3394
953,Edmonton,1249.27,968
954,Calgary,798.39,1347
955,Montreal,726.19,2306
956,Edmonton,539.95,396
957,Calgary,854.03,1001
958,Edmonton,430.92,662
959,Ottawa,284.56,3376
960,Calgary,699.28,3406
961,Toronto,1054.23,2765
962,Calgary,241.54,924
963,Ottawa,470.56,2261
964,Vancouver,683.62,2427
965,Ottawa,674.88,3177
966,Edmonton,914.27,595
967,Edmonton,1772.58,2695
968,Vancouver,107.19,732
969,Ottawa,1817.36,2088
970,Toronto,1728.32,3212
971,Vancouver,1112.69,254
972,Calgary,762.49,565
973,Calgary,436.66,2973
974,Calgary,1104.9,97
975,Toronto,786.18,2510
976,Vancouver,547.36,1844
977,Toronto,1088.47,1284
978,Edmonton,1197.61,3153
979,Calgary,1431.75,3103
980,Edmonton,404.75,1210
981,Edmonton,1328.03,46
982,Montreal,553.92,493
983,Edmonton,763.77,418
984,Edmonton,854.44,3585
985,Edmonton,1267.02,2190
986,Edmonton,1024.76,2479
987,Edmonton,541.48,865
988,Vancouver,120.62,3109
989,Vancouver,907.9,2646
990,Montreal,744.8,2752
991,Calgary,271.19,1725
992,Edmonton,798.84,2557
993,Vancouver,678.3,1999
994,Calgary,1423.8,1422
995,Edmonton,1887.4,2182
996,Edmonton,1180.6,1204
997,Edmonton,654.19,3479
998,Calgary,716.49,2625
999,Ottawa,395.01,2705
1000,Edmonton,447.33,2624
1001,Montreal,630.7,1653
1002,Montreal,589.95,3471
1003,Edmonton,259.64,782
1004,Ottawa,1432.2,2088
1005,Toronto,1546.39,281
1006,Ottawa,1406.15,1096
1007,Ottawa,1576.19,2109
1008,Edmonton,2196.0,1802
1009,Montreal,400.16,3437
1010,Edmonton,2142.93,2251
1011,Vancouver,539.35,1519
1012,Montreal,988.67,1574
1013,Vancouver,213.39,2243
1014,Vancouver,495.11,2893
1015,Edmonton,1199.99,1031
1016,Ottawa,1016.5,2146
1017,Calgary,532.6,2110
1018,Calgary,716.29,64
1019,Toronto,461.04,3334
1020,Toronto,1198.1,2092
1021,Toronto,1486.54,906
1022,Toronto,401.4,2323
1023,Ottawa,672.09,2483
1024,Ottawa,251.69,3343
1025,Montreal,784.42,153
1026,Toronto,928.44,1527
1027,Toronto,823.35,682
1028,Vancouver,885.81,2109
1029,Edmonton,628.28,1845
1030,Calgary,637.7,1749
1031,Calgary,619.24,3584
1032,Vancouver,485.22,1954
1033,Montreal,525.51,1517
1034,Vancouver,903.71,273
1035,Toronto,1433.07,1078
1036,Montreal,353.38,3278
1037,Ottawa,636.21,1665
1038,Toronto,301.57,3325
1039,Calgary,491.11,1958
1040,Montreal,545.88,2013
1041,Montreal,751.36,1586
1042,Ottawa,738.73,2044
1043,Calgary,668.36,271
1044,Calgary,860.61,238
1045,Montreal,377.69,1752
1046,Toronto,755.13,2194
1047,Vancouver,1033.4,2024
1048,Edmonton,374.38,1583
1049,Montreal,181.24,1094
1050,Toronto,1192.58,2596
1051,Edmonton,308.72,2219
1052,Calgary,475.33,200
1053,Edmonton,1016.34,1667
1054,Ottawa,361.15,2603
1055,Toronto,1145.91,2868
1056,Ottawa,430.35,1068
1057,Calgary,395.05,3378
1058,Montreal,302.66,2389
1059,Calgary,432.97,1614
1060,Vancouver,938.38,2300
1061,Montreal,475.38,3184
1062,Montreal,1195.36,851
1063,Toronto,685.07,574
1064,Montreal,721.93,1624
1065,Montreal,386.8,333
1066,Calgary,1296.18,3054
1067,Ottawa,1038.23,3542
1068,Edmonton,1021.48,2222
1069,Calgary,606.05,3577
1070,Toronto,275.78,278
1071,Montreal,745.31,2319
1072,Vancouver,915.39,1633
1073,Montreal,920.7,1034
1074,Edmonton,849.83,1158
1075,Calgary,829.28,2003
1076,Toronto,428.94,2352
1077,Montreal,443.11,623
1078,Toronto,304.8,2254
1079,Calgary,1203.23,3384
1080,Ottawa,1839.44,67
1081,Ottawa,2828.35,3209
1082,Ottawa,776.37,2229
1083,Ottawa,830.51,1268
1084,Edmonton,621.23,2690
1085,Vancouver,769.14,2266
1086,Ottawa,360.17,2812
1087,Montreal,613.43,324
1088,Ottawa,397.26,243
1089,Edmonton,564.78,2354
1090,Toronto,420.31,1129
1091,Edmonton,915.67,892
1092,Calgary,982.8,1555
1093,Ottawa,815.53,2655
1094,Calgary,444.35,680
1095,Vancouver,289.68,3552
1096,Toronto,989.16,1553
1097,Ottawa,682.85,575
1098,Montreal,175.15,287
1099,Toronto,741.62,3133
1100,Calgary,834.16,439
1101,Calgary,223.04,1546
1102,Calgary,924.91,2450
1103,Ottawa,249.63,1887
1104,Toronto,412.85,980
1105,Vancouver,250.88,420
1106,Vancouver,384.29,2605
1107,Vancouver,291.51,1804
1108,Ottawa,1198.92,204
1109,Ottawa,585.89,685
1110,Toronto,510.07,2066
1111,Edmonton,1263.4,639
1112,Vancouver,1226.87,1447
1113,Vancouver,536.27,480
1114,Vancouver,806.23,2915
1115,Vancouver,466.93,2312
1116,Calgary,641.87,2867
1117,Ottawa,329.61,219
1118,Edmonton,875.74,1389
1119,Montreal,1291.6,998
1120,Calgary,1165.0,2284
1121,Toronto,702.13,3003
1122,Toronto,161.65,853
1123,Vancouver,453.02,2816
1124,Vancouver,641.38,2131
1125,Ottawa,264.76,3013
1126,Ottawa,232.07,324
1127,Ottawa,1492.56,3617
1128,Edmonton,1088.52,1603
1129,Edmonton,915.23,1043
1130,Edmonton,1017.39,691
1131,Calgary,298.39,3595
1132,Montreal,375.63,3227
1133,Montreal,777.75,504
1134,Montreal,813.91,1640
1135,Edmonton,253.48,2685
1136,Toronto,745.45,2168
1137,Montreal,648.57,714
1138,Calgary,1143.98,1334
1139,Montreal,816.26,1362
1140,Edmonton,1588.47,1075
1141,Ottawa,538.18,3507
1142,Calgary,312.8,764
1143,Ottawa,1564.99,2587
1144,Ottawa,841.34,3330
1145,Vancouver,650.9,2907
1146,Calgary,385.24,2924
1147,Edmonton,542.15,604
1148,Montreal,524.23,512
1149,Montreal,303.09,2864
1150,Ottawa,123.01,2733
1151,Calgary,516.43,2715
1152,Edmonton,1032.25,1545
1153,Calgary,1353.63,1924
1154,Ottawa,1169.31,85
1155,Vancouver,1207.82,1083
1156,Edmonton,328.76,1942
1157,Toronto,786.42,485
1158,Ottawa,919.35,500
1159,Calgary,953.36,193
1160,Calgary,642.1,789
1161,Edmonton,730.47,3624
1162,Calgary,1149.76,2549
1163,Ottawa,900.27,3462
1164,Edmonton,997.36,960
1165,Edmonton,501.37,2197
1166,Toronto,967.54,3258
1167,Toronto,724.7,1304
1168,Calgary,1084.78,2408
1169,Ottawa,428.84,2538
1170,Ottawa,1035.14,3042
1171,Edmonton,546.82,3539
1172,Edmonton,1037.85,2256
1173,Calgary,789.42,2138
1174,Vancouver,693.19,3175
1175,Toronto,565.59,2507
1176,Calgary,652.61,1339
1177,Vancouver,517.2,2311
1178,Vancouver,558.27,2017
1179,Vancouver,886.39,858
1180,Toronto,198.43,1897
1181,Edmonton,1029.8,2287
1182,Ottawa,1039.66,3301
1183,Montreal,576.23,2131
1184,Calgary,741.83,626
1185,Calgary,357.99,3605
1186,Vancouver,853.41,2122
1187,Toronto,388.87,1069
1188,Edmonton,59.98,2761
1189,Edmonton,1324.61,1422
1190,Toronto,331.04,1369
1191,Calgary,644.09,3068
1192,Vancouver,758.57,3170
1193,Vancouver,885.26,1926
1194,Montreal,678.99,1380
1195,Edmonton,798.22,3155
1196,Edmonton,567.83,657
1197,Montreal,227.17,2734
1198,Ottawa,663.29,2144
1199,Montreal,955.87,3121
1200,Edmonton,345.21,1552
1201,Ottawa,763.19,3041
1202,Calgary,1765.12,84
1203,Ottawa,637.12,2774
1204,Montreal,657.15,282
1205,Edmonton,213.12,2355
1206,Ottawa,317.38,736
1207,Edmonton,391.73,3517
1208,Montreal,934.53,2814
1209,Vancouver,361.56,408
1210,Ottawa,159.41,3259
1211,Edmonton,843.18,942
1212,Montreal,415.88,2005
1213,Calgary,219.59,338
1214,Ottawa,1000.38,412
1215,Toronto,527.89,903
1216,Toronto,889.08,1964
1217,Edmonton,213.8,1995
1218,Montreal,112.08,3127
1219,Montreal,720.91,627
1220,Calgary,309.45,2743
1221,Edmonton,714.78,51
1222,Edmonton,724.0,1083
1223,Ottawa,669.94,663
1224,Edmonton,1202.4,478
1225,Calgary,2602.16,2145
1226,Ottawa,834.54,3290
1227,Toronto,1764.15,2444
1228,Ottawa,536.96,3121
1229,Toronto,268.92,2171
1230,Vancouver,434.53,224
1231,Montreal,557.28,1282
1232,Montreal,1847.53,3011
1233,Ottawa,693.13,190
1234,Montreal,1227.8,381
1235,Edmonton,509.03,3048
1236,Calgary,470.17,259
1237,Toronto,207.06,3503
1238,Toronto,1814.39,2776
1239,Vancouver,1459.23,2437
1240,Toronto,767.87,1971
1241,Edmonton,577.94,353
1242,Montreal,709.1,1530
1243,Ottawa,261.02,2954
1244,Calgary,888.1,3301
1245,Ottawa,1391.92,1648
1246,Ottawa,1431.38,3068
1247,Ottawa,213.87,2841
1248,Calgary,1221.38,238
1249,Vancouver,262.32,2275
1250,Ottawa,119.4,2260
1251,Vancouver,1247.5,1995
1252,Calgary,483.02,2825
1253,Toronto,1149.04,3249
1254,Montreal,1091.11,2022
1255,Edmonton,1012.87,1189
1256,Toronto,703.88,3588
1257,Vancouver,284.1,3518
1258,Edmonton,558.04,2513
1259,Edmonton,1444.83,2349
1260,Montreal,1165.98,406
1261,Vancouver,576.57,1483
1262,Ottawa,572.11,747
1263,Calgary,961.4,1893
1264,Montreal,734.81,3021
1265,Vancouver,595.38,842
1266,Toronto,915.28,3638
1267,Toronto,897.65,498
1268,Calgary,442.49,385
1269,Ottawa,823.18,3557
1270,Toronto,866.05,393
1271,Calgary,671.82,2691
1272,Toronto,411.63,2793
1273,Ottawa,547.14,1224
1274,Montreal,357.07,262
1275,Montreal,836.39,1146
1276,Montreal,214.82,278
1277,Edmonton,1528.7,2463
1278,Montreal,1355.26,3247
1279,Toronto,878.15,3639
1280,Ottawa,1127.33,2927
1281,Montreal,1084.75,2834
1282,Montreal,741.59,3221
1283,Calgary,605.74,2816
1284,Montreal,563.72,2384
1285,Calgary,1560.36,3636
1286,Toronto,401.79,1197
1287,Ottawa,407.11,1524
1288,Vancouver,1184.05,3310
1289,Toronto,1121.16,1155
1290,Edmonton,583.98,1111
1291,Vancouver,933.2,580
1292,Ottawa,1004.7,1027
1293,Calgary,274.12,2178
1294,Toronto,1404.51,3238
1295,Ottawa,1004.5,523
1296,Edmonton,887.68,2494
1297,Vancouver,1008.99,2804
1298,Montreal,826.24,3272
1299,Edmonton,648.46,2745
1300,Toronto,153.25,594
1301,Montreal,745.54,1799
1302,Calgary,256.13,3477
1303,Montreal,1906.37,3318
1304,Ottawa,641.81,2248
1305,Edmonton,1888.16,3516
1306,Montreal,753.11,2448
1307,Vancouver,467.36,264
1308,Vancouver,1381.85,3338
1309,Calgary,866.87,638
1310,Ottawa,2289.96,1408
1311,Edmonton,459.63,891
1312,Calgary,1414.47,2634
1313,Montreal,1456.73,138
1314,Ottawa,1052.88,2348
1315,Ottawa,1463.55,3159
1316,Vancouver,650.91,2881
1317,Montreal,400.44,1141
1318,Edmonton,494.8,3276
1319,Calgary,722.36,1340
1320,Calgary,1083.99,2491
1321,Toronto,419.38,1864
1322,Vancouver,564.03,274
1323,Edmonton,441.88,40
1324,Ottawa,1195.02,692
1325,Ottawa,1879.81,3413
1326,Vancouver,355.56,3483
1327,Montreal,958.77,1514
1328,Toronto,1280.42,3536
1329,Montreal,616.05,209
1330,Calgary,266.36,3532
1331,Calgary,1374.6,865
1332,Montreal,254.3,163
1333,Calgary,1603.43,2773
1334,Montreal,435.75,1414
1335,Edmonton,227.15,1088
1336,Ottawa,518.73,2780
1337,Edmonton,687.98,1235
1338,Vancouver,777.05,2755
1339,Montreal,1005.43,736
1340,Calgary,819.04,340
1341,Edmonton,1794.23,1206
1342,Toronto,668.43,2236
1343,Toronto,844.83,844
1344,Edmonton,803.59,547
1345,Vancouver,206.94,2741
1346,Ottawa,310.74,1815
1347,Ottawa,724.12,1591
1348,Montreal,905.64,897
1349,Montreal,148.01,94
1350,Edmonton,1840.5,222
1351,Toronto,948.43,2497
1352,Calgary,699.72,319
1353,Calgary,923.2,923
1354,Ottawa,499.89,3327
1355,Vancouver,782.07,1275
1356,Calgary,856.86,2725
1357,Calgary,1383.74,1272
1358,Toronto,632.32,3403
1359,Toronto,259.44,3005
1360,Calgary,393.43,1731
1361,Toronto,601.3,2507
1362,Toronto,280.79,1526
1363,Calgary,364.92,3448
1364,Vancouver,395.9,1327
1365,Edmonton,576.32,3057
1366,Toronto,941.27,2261
1367,Vancouver,559.4,2360
1368,Calgary,978.36,1302
1369,Ottawa,700.12,3044
1370,Edmonton,373.41,2731
1371,Ottawa,865.31,2981
1372,Calgary,788.02,2930
1373,Calgary,993.31,600
1374,Calgary,1112.16,3200
1375,Ottawa,1408.35,3077
1376,Ottawa,959.59,908
1377,Ottawa,772.68,3583
1378,Montreal,995.94,1937
1379,Edmonton,525.06,1195
1380,Edmonton,500.59,838
1381,Ottawa,1516.85,1350
1382,Vancouver,491.25,165
1383,Calgary,402.74,2530
1384,Ottawa,959.29,2592
1385,Calgary,527.9,2447
1386,Vancouver,1105.72,2017
1387,Edmonton,1350.25,1343
1388,Vancouver,440.56,2650
1389,Ottawa,1026.35,3184
1390,Ottawa,483.75,347
1391,Vancouver,609.28,1416
1392,Edmonton,842.25,3633
1393,Ottawa,501.3,3150
1394,Montreal,798.2,3629
1395,Vancouver,640.46,693
1396,Edmonton,1119.91,1713
1397,Edmonton,1121.56,501
1398,Edmonton,502.87,3165
1399,Toronto,853.43,1908
1400,Vancouver,1218.3,911
1401,Ottawa,360.86,356
1402,Vancouver,638.03,2699
1403,Vancouver,831.83,2968
1404,Vancouver,350.44,3212
1405,Vancouver,541.03,3546
1406,Toronto,1690.29,2979
1407,Calgary,490.32,2876
1408,Ottawa,525.07,2968
1409,Toronto,227.18,3645
1410,Vancouver,953.21,1706
1411,Toronto,321.95,2776
1412,Edmonton,646.5,2998
1413,Vancouver,405.33,450
1414,Montreal,797.31,2530
1415,Edmonton,66.66,1256
1416,Montreal,733.75,509
1417,Edmonton,845.28,646
1418,Calgary,549.79,443
1419,Ottawa,571.38,3279
1420,Calgary,508.17,2824
1421,Ottawa,641.35,399
1422,Ottawa,1528.11,2294
1423,Edmonton,1139.7,2420
1424,Montreal,640.98,1910
1425,Vancouver,541.15,2224
1426,Montreal,1079.75,3314
1427,Montreal,767.41,1908
1428,Ottawa,344.56,2417
1429,Vancouver,596.67,2097
1430,Montreal,1438.2,1464
1431,Calgary,931.65,3254
1432,Vancouver,544.85,1528
1433,Vancouver,246.51,2925
1434,Edmonton,794.97,2220
1435,Vancouver,702.4,2509
1436,Toronto,629.03,2782
1437,Calgary,1086.6,2694
1438,Edmonton,938.27,2072
1439,Vancouver,252.64,2258
1440,Ottawa,704.73,1871
1441,Montreal,298.97,1257
1442,Edmonton,513.53,2661
1443,Ottawa,283.57,3211
1444,Calgary,290.77,2583
1445,Toronto,851.99,2825
1446,Toronto,803.73,3035
1447,Ottawa,673.85,1359
1448,Ottawa,485.92,256
1449,Montreal,269.04,1252
1450,Toronto,515.03,2762
1451,Vancouver,805.82,2982
1452,Toronto,795.13,1889
1453,Toronto,1421.58,2848
1454,Vancouver,1309.14,300
1455,Edmonton,689.85,2361
1456,Toronto,511.67,2488
1457,Ottawa,412.07,1868
1458,Calgary,240.09,2623
1459,Vancouver,321.72,1809
1460,Edmonton,806.51,1925
1461,Montreal,975.37,2216
1462,Vancouver,576.72,2903
1463,Toronto,2247.09,930
1464,Toronto,323.86,1116
1465,Ottawa,223.31,1546
1466,Toronto,2225.25,760
1467,Edmonton,259.85,1239
1468,Calgary,571.89,1299
1469,Montreal,434.56,1167
1470,Toronto,841.36,1514
1471,Ottawa,545.76,1857
1472,Montreal,977.11,2549
1473,Calgary,1099.08,1126
1474,Vancouver,238.39,3090
1475,Ottawa,403.34,1765
1476,Vancouver,1024.97,2639
1477,Calgary,1223.62,445
1478,Calgary,755.53,659
1479,Vancouver,877.41,1671
1480,Calgary,1472.1,1355
1481,Toronto,549.98,1825
1482,Toronto,750.69,603
1483,Vancouver,1309.95,1744
1484,Toronto,1355.86,2515
1485,Calgary,644.28,2667
1486,Ottawa,411.74,928
1487,Toronto,640.01,1276
1488,Toronto,677.32,1931
1489,Toronto,402.08,1905
1490,Edmonton,441.45,2896
1491,Vancouver,1356.92,1442
1492,Calgary,900.78,2458
1493,Toronto,573.6,3229
1494,Vancouver,337.44,1110
1495,Calgary,444.84,3009
1496,Calgary,210.37,1234
1497,Edmonton,767.1,1240
1498,Montreal,429.35,2395
1499,Calgary,802.65,2280
1500,Ottawa,1019.05,2019
1501,Edmonton,809.46,867
1502,Vancouver,531.1,378
1503,Vancouver,388.81,3320
1504,Vancouver,305.03,3193
1505,Edmonton,1284.23,3239
1506,Vancouver,789.21,1885
1507,Ottawa,549.77,3232
1508,Calgary,943.82,1743
1509,Ottawa,1170.83,303
1510,Montreal,435.08,748
1511,Calgary,775.47,1016
1512,Vancouver,784.59,1394
1513,Montreal,1437.31,3429
1514,Vancouver,545.08,1234
1515,Vancouver,379.73,2247
1516,Ottawa,825.45,1010
1517,Calgary,988.28,2358
1518,Toronto,738.92,2084
1519,Calgary,1491.76,574
1520,Calgary,544.03,1703
1521,Ottawa,749.65,411
1522,Montreal,252.04,3248
1523,Vancouver,366.05,2578
1524,Toronto,436.86,3437
1525,Edmonton,600.05,3199
1526,Toronto,281.35,824
1527,Vancouver,936.3,2590
1528,Toronto,412.45,392
1529,Toronto,2027.53,3507
1530,Ottawa,421.83,2872
1531,Toronto,705.01,2493
1532,Toronto,653.95,3631
1533,Ottawa,345.84,3095
1534,Vancouver,601.45,3156
1535,Montreal,596.98,392
1536,Toronto,1099.68,115
1537,Toronto,843.23,3509
1538,Toronto,928.56,939
1539,Montreal,1086.29,1573
1540,Edmonton,937.06,186
1541,Calgary,771.75,2285
1542,Vancouver,434.32,3001
1543,Toronto,743.51,3077
1544,Edmonton,383.65,2134
1545,Vancouver,629.02,2424
1546,Edmonton,580.98,1889
1547,Montreal,603.35,1645
1548,Ottawa,283.31,2037
1549,Calgary,67.81,3417
1550,Toronto,517.84,943
1551,Vancouver,1228.83,1732
1552,Ottawa,698.96,2207
1553,Edmonton,1179.49,2093
1554,Edmonton,385.3,141
1555,Calgary,502.24,1070
1556,Toronto,2094.84,2368
1557,Ottawa,400.48,2542
1558,Montreal,918.34,2688
1559,Ottawa,917.53,3618
1560,Ottawa,861.11,2466
1561,Vancouver,924.92,2128
1562,Vancouver,396.78,1232
1563,Vancouver,533.15,1370
1564,Ottawa,86.52,3021
1565,Edmonton,1464.03,1726
1566,Calgary,921.79,2620
1567,Ottawa,437.18,479
1568,Edmonton,388.04,494
1569,Ottawa,1240.69,810
1570,Ottawa,417.87,736
1571,Toronto,436.31,2227
1572,Calgary,336.09,2336
1573,Montreal,1020.41,2049
1574,Montreal,1169.89,1077
1575,Toronto,583.12,2117
1576,Vancouver,1174.12,462
1577,Edmonton,819.9,1741
1578,Montreal,322.62,590
1579,Toronto,1405.58,307
1580,Edmonton,333.72,629
1581,Vancouver,608.78,432
1582,Vancouver,584.14,1759
1583,Edmonton,523.04,2005
1584,Calgary,162.14,2228
1585,Edmonton,1857.35,1621
1586,Vancouver,179.88,668
1587,Montreal,1454.22,105
1588,Toronto,379.5,2609
1589,Ottawa,463.28,3587
1590,Toronto,1375.8,1047
1591,Montreal,870.7,771
1592,Calgary,258.21,1157
1593,Calgary,254.43,806
1594,Toronto,798.7,839
1595,Montreal,329.85,1820
1596,Toronto,894.14,2872
1597,Edmonton,946.47,2608
1598,Montreal,406.08,3504
1599,Ottawa,479.1,1323
1600,Montreal,813.75,1812
1601,Vancouver,394.61,1406
1602,Montreal,699.53,182
1603,Montreal,2165.05,1436
1604,Vancouver,836.2,973
1605,Toronto,527.58,1762
1606,Ottawa,1962.12,602
1607,Toronto,1061.67,2714
1608,Edmonton,335.22,3080
1609,Vancouver,378.3,3508
1610,Toronto,196.37,337
1611,Montreal,805.23,455
1612,Toronto,139.7,3528
1613,Montreal,1960.78,3100
1614,Montreal,567.04,2160
1615,Toronto,1098.71,1193
1616,Vancouver,536.02,1904
1617,Montreal,797.08,1969
1618,Edmonton,613.8,3097
1619,Toronto,687.71,1946
1620,Ottawa,1292.4,129
1621,Vancouver,1643.58,2562
1622,Toronto,1572.99,2843
1623,Ottawa,3092.14,1109
1624,Toronto,422.98,452
1625,Edmonton,842.34,544
1626,Ottawa,429.34,3073
1627,Edmonton,1262.76,1650
1628,Edmonton,346.27,1945
1629,Calgary,1305.01,3507
1630,Toronto,753.62,251
1631,Edmonton,635.04,775
1632,Ottawa,679.46,3046
1633,Toronto,305.71,1985
1634,Ottawa,323.67,128
1635,Calgary,761.53,2574
1636,Edmonton,758.5,530
1637,Toronto,441.96,2861
1638,Edmonton,563.24,2918
1639,Vancouver,883.63,3014
1640,Vancouver,393.21,1712
1641,Montreal,179.18,999
1642,Toronto,1493.45,3220
1643,Calgary,793.04,2052
1644,Edmonton,493.68,2330
1645,Toronto,428.49,524
1646,Vancouver,390.69,2287
1647,Calgary,1259.95,2129
1648,Edmonton,270.71,1087
1649,Ottawa,841.09,2806
1650,Ottawa,840.67,513
1651,Vancouver,1030.93,2634
1652,Toronto,523.85,3509
1653,Toronto,1422.82,2083
1654,Edmonton,1048.32,409
1655,Toronto,512.79,2032
1656,Vancouver,415.56,1945
1657,Ottawa,614.84,2028
1658,Ottawa,502.06,1016
1659,Ottawa,372.02,2296
1660,Vancouver,697.66,986
1661,Edmonton,565.54,2049
1662,Edmonton,1612.82,2182
1663,Vancouver,501.55,2368
1664,Edmonton,413.11,2918
1665,Edmonton,670.86,3224
1666,Calgary,778.37,2843
1667,Montreal,813.58,2911
1668,Montreal,808.95,3175
1669,Edmonton,684.56,907
1670,Montreal,655.03,1090
1671,Montreal,949.57,1959
1672,Edmonton,349.79,1716
1673,Vancouver,415.04,2571
1674,Montreal,223.51,63
1675,Montreal,353.65,533
1676,Ottawa,1190.8,2733
1677,Toronto,926.68,3005
1678,Calgary,1732.9,1124
1679,Ottawa,1505.66,1155
1680,Edmonton,931.23,2062
1681,Ottawa,730.49,1757
1682,Toronto,678.59,642
1683,Toronto,132.7,1841
1684,Montreal,634.1,2996
1685,Calgary,463.08,2670
1686,Edmonton,364.31,2988
1687,Calgary,847.07,2360
1688,Calgary,588.44,3206
1689,Ottawa,703.64,934
1690,Toronto,329.09,196
1691,Montreal,1073.96,442
1692,Ottawa,500.03,3622
1693,Edmonton,821.16,2348
1694,Calgary,526.84,926
1695,Toronto,113.17,3121
1696,Montreal,866.95,1150
1697,Calgary,612.2,2192
1698,Toronto,212.08,932
1699,Calgary,302.05,373
1700,Ottawa,1091.86,998
1701,Vancouver,219.96,855
1702,Vancouver,491.8,2030
1703,Montreal,1817.49,104
1704,Vancouver,879.9,898
1705,Ottawa,1007.14,2085
1706,Ottawa,557.55,1455
1707,Ottawa,198.26,2332
1708,Ottawa,743.93,2403
1709,Vancouver,316.95,3524
1710,Vancouver,295.93,3056
1711,Calgary,693.97,856
1712,Calgary,332.46,2537
1713,Ottawa,647.07,2300
1714,Montreal,424.11,2181
1715,Edmonton,633.62,2922
1716,Ottawa,471.8,564
1717,Edmonton,644.27,1388
1718,Calgary,1436.32,2984
1719,Calgary,1020.18,3259
1720,Edmonton,601.61,164
1721,Toronto,1309.28,1736
1722,Montreal,828.02,986
1723,Edmonton,1258.94,637
1724,Montreal,238.4,236
1725,Edmonton,335.08,1977
1726,Montreal,738.79,2446
1727,Ottawa,592.54,1953
1728,Edmonton,645.2,1363
1729,Calgary,906.7,2822
1730,Toronto,743.17,2390
1731,Montreal,1076.17,3318
1732,Ottawa,1059.52,1286
1733,Montreal,345.88,895
1734,Ottawa,116.73,1679
1735,Ottawa,330.87,1864
1736,Montreal,316.38,1687
1737,Edmonton,674.59,3043
1738,Toronto,669.42,195
1739,Toronto,570.87,1940
1740,Vancouver,846.6,1587
1741,Calgary,2268.15,793
1742,Montreal,563.21,2350
1743,Calgary,757.07,2930
1744,Toronto,645.11,2006
1745,Vancouver,445.18,337
1746,Ottawa,911.56,302
1747,Ottawa,546.18,1556
1748,Calgary,385.66,2448
1749,Montreal,404.9,1164
1750,Montreal,1098.21,1148
1751,Ottawa,898.59,3143
1752,Ottawa,477.22,82
1753,Edmonton,838.56,318
1754,Calgary,649.7,593
1755,Edmonton,764.77,3590
1756,Vancouver,437.72,1831
1757,Calgary,323.21,603
1758,Edmonton,544.29,1153
1759,Edmonton,361.66,3539
1760,Edmonton,343.95,2543
1761,Calgary,248.55,839
1762,Calgary,117.49,901
1763,Toronto,482.6,301
1764,Edmonton,1215.33,2827
1765,Edmonton,1047.81,527
1766,Ottawa,1557.55,1067
1767,Edmonton,334.0,1291
1768,Calgary,945.69,2277
1769,Toronto,599.9,2224
1770,Vancouver,405.35,2923
1771,Calgary,1137.27,1106
1772,Calgary,603.61,1425
1773,Calgary,178.95,1436
1774,Calgary,1041.43,199
1775,Montreal,805.27,2700
1776,Toronto,697.73,1968
1777,Vancouver,289.93,1751
1778,Toronto,746.71,3633
1779,Vancouver,1438.46,677
1780,Montreal,792.27,3537
1781,Toronto,222.87,2492
1782,Calgary,827.69,830
1783,Toronto,797.12,2486
1784,Ottawa,990.19,2765
1785,Montreal,784.14,1342
1786,Vancouver,344.74,1278
1787,Vancouver,675.36,3053
1788,Toronto,550.17,610
1789,Calgary,724.03,78
1790,Montreal,1160.94,2440
1791,Edmonton,423.25,3311
1792,Ottawa,1690.15,1843
1793,Calgary,824.56,518
1794,Vancouver,1044.81,1982
1795,Calgary,965.73,941
1796,Vancouver,805.32,3025
1797,Ottawa,892.93,2245
1798,Vancouver,34.52,1248
1799,Calgary,964.69,2290
1800,Edmonton,363.08,2444
1801,Toronto,625.66,2487
1802,Calgary,802.03,1355
1803,Calgary,1190.45,2095
1804,Vancouver,363.15,184
1805,Toronto,490.24,1490
1806,Toronto,532.66,1398
1807,Toronto,729.25,1965
1808,Calgary,553.26,3469
1809,Toronto,895.25,3481
1810,Ottawa,184.47,1779
1811,Vancouver,595.88,2369
1812,Edmonton,1517.87,421
1813,Montreal,554.17,1775
1814,Calgary,826.38,2519
1815,Ottawa,1087.92,2501
1816,Toronto,810.81,3517
1817,Vancouver,1774.57,1717
1818,Vancouver,684.85,3316
1819,Toronto,921.1,3572
1820,Vancouver,747.12,2100
1821,Vancouver,1348.76,361
1822,Montreal,505.36,1392
1823,Vancouver,1854.57,2798
1824,Ottawa,430.06,2132
1825,Montreal,1599.12,3419
1826,Ottawa,335.37,2983
1827,Toronto,938.16,258
1828,Ottawa,649.7,3147
1829,Edmonton,1075.19,1323
1830,Ottawa,838.21,2994
1831,Calgary,1042.38,1868
1832,Ottawa,327.53,1678
1833,Edmonton,210.1,292
1834,Toronto,292.17,460
1835,Calgary,287.11,2184
1836,Toronto,324.85,2090
1837,Ottawa,448.78,2038
1838,Vancouver,446.25,596
1839,Vancouver,658.95,1875
1840,Edmonton,380.47,250
1841,Calgary,400.56,551
1842,Toronto,574.79,1835
1843,Montreal,1159.13,2263
1844,Ottawa,499.97,2402
1845,Montreal,633.03,3584
1846,Edmonton,695.86,3122
1847,Calgary,350.52,1404
1848,Edmonton,530.72,2863
1849,Edmonton,421.39,376
1850,Toronto,1097.56,3133
1851,Toronto,1046.88,1429
1852,Vancouver,394.22,2781
1853,Calgary,625.76,3543
1854,Toronto,921.51,2575
1855,Toronto,785.57,3361
1856,Ottawa,835.12,66
1857,Calgary,351.95,647
1858,Edmonton,1566.58,2296
1859,Edmonton,443.23,1986
1860,Montreal,435.23,466
1861,Montreal,268.05,2630
1862,Vancouver,590.18,242
1863,Ottawa,1228.51,3616
1864,Calgary,780.95,596
1865,Ottawa,618.47,1642
1866,Calgary,1003.88,3010
1867,Toronto,1211.38,1890
1868,Montreal,1045.55,2722
1869,Toronto,166.7,2577
1870,Montreal,1008.78,3464
1871,Toronto,854.3,1709
1872,Vancouver,388.57,3573
1873,Edmonton,856.36,1900
1874,Ottawa,1229.9,3263
1875,Calgary,455.69,2682
1876,Toronto,1087.85,511
1877,Vancouver,791.01,2359
1878,Ottawa,56.62,3209
1879,Montreal,646.12,494
1880,Toronto,772.72,3065
1881,Calgary,543.83,411
1882,Vancouver,808.28,3183
1883,Vancouver,604.96,2885
1884,Ottawa,2064.6,579
1885,Edmonton,520.36,2659
1886,Vancouver,395.91,452
1887,Edmonton,1056.84,2086
1888,Calgary,562.16,3374
1889,Toronto,624.8,775
1890,Calgary,592.82,659
1891,Vancouver,1023.86,1560
1892,Vancouver,323.15,1364
1893,Ottawa,1086.61,205
1894,Montreal,894.95,1680
1895,Toronto,1693.12,969
1896,Ottawa,737.72,480
1897,Edmonton,339.46,1029
1898,Ottawa,742.52,104
1899,Montreal,797.31,3342
1900,Calgary,1289.96,3628
1901,Edmonton,338.88,1360
1902,Edmonton,223.03,3203
1903,Montreal,751.7,1700
1904,Vancouver,1734.23,3332
1905,Vancouver,970.86,656
1906,Vancouver,1003.24,1060
1907,Vancouver,263.0,2708
1908,Toronto,679.64,826
1909,Toronto,1303.71,3011
1910,Ottawa,802.86,1571
1911,Toronto,211.7,1492
1912,Ottawa,671.54,1671
1913,Toronto,932.22,2918
1914,Montreal,32.44,50
1915,Vancouver,628.15,2747
1916,Edmonton,367.88,2850
1917,Vancouver,1075.22,3002
1918,Calgary,507.41,3637
1919,Calgary,847.82,2861
1920,Edmonton,660.83,1943
1921,Calgary,495.31,1717
1922,Edmonton,1843.28,1435
1923,Montreal,460.49,3024
1924,Calgary,694.47,1451
1925,Calgary,659.57,2102
1926,Toronto,740.61,377
1927,Calgary,1767.07,1178
1928,Toronto,932.91,993
1929,Vancouver,492.28,1604
1930,Ottawa,1464.69,1847
1931,Toronto,1026.51,2623
1932,Calgary,498.43,1593
1933,Ottawa,1340.15,574
1934,Ottawa,260.88,2003
1935,Toronto,313.96,227
1936,Toronto,200.91,3103
1937,Calgary,136.05,2819
1938,Edmonton,1286.63,845
1939,Ottawa,746.17,982
1940,Vancouver,215.64,130
1941,Toronto,649.18,1349
1942,Vancouver,1107.08,168
1943,Ottawa,408.62,3419
1944,Toronto,543.9,515
1945,Calgary,1892.08,2416
1946,Toronto,575.38,2095
1947,Toronto,229.43,887
1948,Ottawa,473.17,2955
1949,Toronto,204.33,424
1950,Vancouver,977.35,3240
1951,Ottawa,370.73,2710
1952,Edmonton,362.76,2329
1953,Toronto,1988.89,3214
1954,Calgary,289.88,1489
1955,Ottawa,253.07,1049
1956,Calgary,325.56,589
1957,Edmonton,1127.01,3376
1958,Edmonton,903.78,1483
1959,Edmonton,469.2,3032
1960,Vancouver,441.65,1233
1961,Ottawa,863.57,3487
1962,Ottawa,763.28,3179
1963,Toronto,598.94,1145
1964,Montreal,922.1,1791
1965,Montreal,310.36,2904
1966,Montreal,375.04,848
1967,Calgary,950.39,115
1968,Calgary,800.56,1075
1969,Ottawa,126.72,2167
1970,Toronto,677.24,524
1971,Montreal,1949.2,1236
1972,Ottawa,1041.27,3355
1973,Montreal,478.4,301
1974,Calgary,397.57,212
1975,Edmonton,823.25,1564
1976,Toronto,1284.35,76
1977,Ottawa,180.61,130
1978,Calgary,788.18,692
1979,Toronto,538.17,400
1980,Montreal,746.02,2965
1981,Edmonton,239.75,474
1982,Edmonton,1283.82,1924
1983,Toronto,1482.69,2583
1984,Montreal,986.51,2295
1985,Edmonton,1652.77,2397
1986,Montreal,521.23,1324
1987,Montreal,777.09,3247
1988,Vancouver,995.04,278
1989,Vancouver,829.7,418
1990,Ottawa,564.44,3129
1991,Edmonton,602.99,277
1992,Calgary,1407.05,724
1993,Vancouver,656.39,656
1994,Edmonton,1242.56,149
1995,Montreal,635.55,453
1996,Toronto,1238.32,2103
1997,Edmonton,699.9,2423
1998,Ottawa,947.42,331
1999,Vancouver,430.87,3441
2000,Vancouver,776.08,376
