merchant_id,category,merchant_risk_score
1,entertainment,0.044
2,jewelry,0.167
3,online_retail,0.091
4,fuel,0.096
5,electronics,0.063
6,travel,0.103
7,jewelry,0.112
8,dining,0.069
9,grocery,0.083
10,utilities,0.323
11,entertainment,0.043
12,grocery,0.236
13,grocery,0.239
14,electronics,0.081
15,grocery,0.253
16,entertainment,0.338
17,electronics,0.028
18,entertainment,0.039
19,electronics,0.057
20,atm_withdrawal,0.208
21,utilities,0.329
22,dining,0.117
23,fuel,0.088
24,grocery,0.258
25,grocery,0.332
26,online_retail,0.286
27,grocery,0.41
28,entertainment,0.049
29,dining,0.1
30,electronics,0.065
31,online_retail,0.199
32,online_retail,0.28
33,utilities,0.084
34,electronics,0.272
35,online_retail,0.199
36,jewelry,0.18
37,travel,0.214
38,jewelry,0.185
39,utilities,0.17
40,fuel,0.055
41,jewelry,0.08
42,atm_withdrawal,0.054
43,travel,0.111
44,atm_withdrawal,0.287
45,grocery,0.088
46,electronics,0.141
47,grocery,0.235
48,dining,0.192
49,atm_withdrawal,0.132
50,entertainment,0.259
51,entertainment,0.235
52,grocery,0.327
53,online_retail,0.117
54,dining,0.11
55,fuel,0.203
56,travel,0.114
57,travel,0.022
58,atm_withdrawal,0.241
59,online_retail,0.406
60,fuel,0.142
61,grocery,0.176
62,utilities,0.123
63,fuel,0.381
64,dining,0.036
65,entertainment,0.356
66,electronics,0.332
67,online_retail,0.184
68,jewelry,0.129
69,fuel,0.312
70,grocery,0.295
71,travel,0.202
72,grocery,0.049
73,online_retail,0.435
74,dining,0.16
75,electronics,0.226
76,entertainment,0.036
77,electronics,0.041
78,dining,0.054
79,atm_withdrawal,0.226
80,grocery,0.344
81,travel,0.042
82,dining,0.185
83,online_retail,0.375
84,travel,0.027
85,atm_withdrawal,0.421
86,grocery,0.131
87,atm_withdrawal,0.414
88,online_retail,0.141
89,grocery,0.237
90,electronics,0.182
91,electronics,0.116
92,travel,0.102
93,dining,0.144
94,entertainment,0.216
95,dining,0.363
96,utilities,0.154
97,travel,0.442
98,travel,0.332
99,travel,0.204
100,dining,0.172
101,jewelry,0.264
102,travel,0.074
103,travel,0.071
104,atm_withdrawal,0.152
105,entertainment,0.174
106,electronics,0.233
107,jewelry,0.138
108,electronics,0.394
109,electronics,0.061
110,fuel,0.238
111,entertainment,0.157
112,electronics,0.362
113,utilities,0.458
114,electronics,0.074
115,utilities,0.035
116,grocery,0.133
117,fuel,0.194
118,entertainment,0.091
119,travel,0.13
120,entertainment,0.166
121,entertainment,0.355
122,entertainment,0.068
123,dining,0.108
124,utilities,0.089
125,utilities,0.206
126,dining,0.334
127,utilities,0.18
128,atm_withdrawal,0.124
129,jewelry,0.061
130,utilities,0.212
131,utilities,0.135
132,jewelry,0.106
133,travel,0.137
134,utilities,0.108
135,electronics,0.09
136,dining,0.11
137,atm_withdrawal,0.127
138,travel,0.115
139,jewelry,0.286
140,fuel,0.151
141,travel,0.065
142,grocery,0.083
143,online_retail,0.098
144,fuel,0.709
145,online_retail,0.121
146,grocery,0.175
147,travel,0.037
148,grocery,0.139
149,dining,0.363
150,atm_withdrawal,0.117
151,electronics,0.388
152,entertainment,0.077
153,grocery,0.163
154,online_retail,0.156
155,atm_withdrawal,0.095
156,dining,0.204
157,electronics,0.268
158,online_retail,0.25
159,travel,0.422
160,jewelry,0.173
161,jewelry,0.336
162,entertainment,0.119
163,entertainment,0.459
164,entertainment,0.073
165,utilities,0.263
166,fuel,0.144
167,atm_withdrawal,0.1
168,dining,0.078
169,grocery,0.31
170,entertainment,0.081
171,entertainment,0.359
172,atm_withdrawal,0.259
173,dining,0.153
174,fuel,0.427
175,online_retail,0.248
176,dining,0.039
177,utilities,0.217
178,fuel,0.235
179,utilities,0.133
180,fuel,0.195
181,travel,0.25
182,atm_withdrawal,0.171
183,online_retail,0.117
184,utilities,0.085
185,online_retail,0.376
186,dining,0.146
187,atm_withdrawal,0.264
188,dining,0.151
189,atm_withdrawal,0.343
190,fuel,0.157
191,grocery,0.357
192,grocery,0.2
193,atm_withdrawal,0.041
194,online_retail,0.114
195,dining,0.177
196,jewelry,0.193
197,entertainment,0.334
198,entertainment,0.308
199,entertainment,0.206
200,electronics,0.131
201,grocery,0.058
202,utilities,0.104
203,grocery,0.106
204,utilities,0.115
205,electronics,0.137
206,travel,0.078
207,utilities,0.212
208,entertainment,0.044
209,utilities,0.094
210,entertainment,0.158
211,grocery,0.074
212,jewelry,0.051
213,travel,0.425
214,electronics,0.204
215,jewelry,0.115
216,electronics,0.318
217,online_retail,0.32
218,fuel,0.173
219,utilities,0.242
220,grocery,0.101
221,electronics,0.208
222,fuel,0.286
223,fuel,0.147
224,utilities,0.421
225,entertainment,0.111
226,electronics,0.131
227,atm_withdrawal,0.12
228,fuel,0.141
229,atm_withdrawal,0.064
230,atm_withdrawal,0.177
231,grocery,0.228
232,online_retail,0.129
233,fuel,0.438
234,fuel,0.23
235,dining,0.03
236,online_retail,0.174
237,fuel,0.427
238,electronics,0.088
239,travel,0.042
240,electronics,0.421
241,jewelry,0.206
242,entertainment,0.261
243,dining,0.039
244,dining,0.223
245,grocery,0.132
246,travel,0.175
247,atm_withdrawal,0.371
248,grocery,0.128
249,electronics,0.247
250,jewelry,0.205
251,online_retail,0.293
252,grocery,0.083
253,fuel,0.155
254,utilities,0.042
255,dining,0.147
256,dining,0.189
257,entertainment,0.207
258,online_retail,0.117
259,atm_withdrawal,0.179
260,travel,0.3
261,travel,0.116
262,electronics,0.065
263,entertainment,0.105
264,online_retail,0.223
265,dining,0.111
266,entertainment,0.195
267,dining,0.152
268,electronics,0.3
269,online_retail,0.186
270,fuel,0.261
271,fuel,0.412
272,fuel,0.084
273,atm_withdrawal,0.163
274,travel,0.203
275,travel,0.208
276,online_retail,0.169
277,grocery,0.057
278,electronics,0.123
279,online_retail,0.263
280,online_retail,0.076
281,entertainment,0.258
282,electronics,0.218
283,jewelry,0.133
284,fuel,0.181
285,electronics,0.164
286,dining,0.223
287,travel,0.076
288,fuel,0.2
289,fuel,0.203
290,fuel,0.208
291,fuel,0.146
292,atm_withdrawal,0.183
293,atm_withdrawal,0.149
294,fuel,0.361
295,atm_withdrawal,0.193
296,jewelry,0.195
297,jewelry,0.275
298,travel,0.107
299,fuel,0.129
300,dining,0.162
